-- phpMyAdmin SQL Dump
-- version 5.2.0
-- https://www.phpmyadmin.net/
--
-- Host: 127.0.0.1
-- Creato il: Feb 11, 2023 alle 13:02
-- Versione del server: 10.4.27-MariaDB
-- Versione PHP: 8.2.0

SET SQL_MODE = "NO_AUTO_VALUE_ON_ZERO";
START TRANSACTION;
SET time_zone = "+00:00";


/*!40101 SET @OLD_CHARACTER_SET_CLIENT=@@CHARACTER_SET_CLIENT */;
/*!40101 SET @OLD_CHARACTER_SET_RESULTS=@@CHARACTER_SET_RESULTS */;
/*!40101 SET @OLD_COLLATION_CONNECTION=@@COLLATION_CONNECTION */;
/*!40101 SET NAMES utf8mb4 */;

--
-- Database: `condominium_db`
--

-- --------------------------------------------------------

--
-- Struttura della tabella `apartment`
--

CREATE TABLE `apartment` (
  `apt_id` int(11) NOT NULL,
  `apt_name` varchar(30) NOT NULL,
  `apt_addr` varchar(30) NOT NULL,
  `apt_own` int(11) DEFAULT NULL,
  `apt_res` int(11) DEFAULT NULL
) ENGINE=InnoDB DEFAULT CHARSET=latin1 COLLATE=latin1_swedish_ci;

--
-- Dump dei dati per la tabella `apartment`
--

INSERT INTO `apartment` (`apt_id`, `apt_name`, `apt_addr`, `apt_own`, `apt_res`) VALUES
(1, '1A', 'Via del Corso 22', 1, 2),
(11, '2A', 'Via del Corso 22', 60, 65),
(12, '3A', 'Via del Corso 22', 61, 64),
(13, '4A', 'Via del Corso 22', NULL, NULL),
(14, '5A', 'Via del Corso 22', NULL, NULL),
(15, '6A', 'Via del Corso 22', NULL, NULL),
(17, '1B', 'Via del Viminale 69', 4, 5),
(18, '2B', 'Via del Viminale 69', 56, 58),
(19, '3B', 'Via del Viminale 69', 57, 59),
(20, '4B', 'Via del Viminale 69', NULL, NULL),
(21, '5B', 'Via del Viminale 69', NULL, NULL),
(22, '6B', 'Via del Viminale 69', NULL, NULL),
(23, '1C', 'Via di Tor Vergata 44', 7, 8),
(24, '2C', 'Via di Tor Vergata 44', 67, 69),
(25, '3C', 'Via di Tor Vergata 44', 66, 68),
(26, '4C', 'Via di Tor Vergata 44', NULL, NULL),
(27, '5C', 'Via di Tor Vergata 44', NULL, NULL),
(28, '6C', 'Via di Tor Vergata 44', NULL, NULL),
(29, '23a', 'Via del Corso 22', 1, 61);

-- --------------------------------------------------------

--
-- Struttura della tabella `condominiums`
--

CREATE TABLE `condominiums` (
  `con_addr` varchar(30) NOT NULL,
  `con_park` tinyint(1) NOT NULL,
  `con_elevator` tinyint(1) NOT NULL,
  `con_pet` tinyint(1) NOT NULL,
  `con_wifi` tinyint(1) NOT NULL
) ENGINE=InnoDB DEFAULT CHARSET=latin1 COLLATE=latin1_swedish_ci;

--
-- Dump dei dati per la tabella `condominiums`
--

INSERT INTO `condominiums` (`con_addr`, `con_park`, `con_elevator`, `con_pet`, `con_wifi`) VALUES
('Via del Corso 22', 0, 0, 1, 1),
('Via del Viminale 69', 1, 1, 0, 0),
('Via di Tor Vergata 44', 1, 0, 0, 1);

-- --------------------------------------------------------

--
-- Struttura della tabella `fee`
--

CREATE TABLE `fee` (
  `fee_apt` int(11) NOT NULL,
  `fee_admin` decimal(6,2) NOT NULL,
  `fee_park` decimal(6,2) DEFAULT NULL,
  `fee_elevator` decimal(6,2) DEFAULT NULL,
  `fee_pet` decimal(6,2) DEFAULT NULL,
  `fee_wifi` decimal(6,2) DEFAULT NULL
) ENGINE=InnoDB DEFAULT CHARSET=latin1 COLLATE=latin1_swedish_ci;

--
-- Dump dei dati per la tabella `fee`
--

INSERT INTO `fee` (`fee_apt`, `fee_admin`, `fee_park`, `fee_elevator`, `fee_pet`, `fee_wifi`) VALUES
(1, '111.10', NULL, NULL, '66.00', '87.00'),
(11, '33.00', NULL, NULL, '55.00', '88.00'),
(12, '55.00', NULL, NULL, '67.00', '75.00'),
(17, '66.00', '44.00', '99.00', NULL, NULL),
(18, '33.00', '66.00', '77.00', NULL, NULL),
(19, '33.00', '64.00', '65.00', NULL, NULL),
(23, '33.50', '54.30', NULL, NULL, '45.08'),
(24, '43.00', '22.00', NULL, NULL, '34.00'),
(25, '54.00', '23.00', NULL, NULL, '45.00'),
(29, '110.00', '24.00', '52.00', '57.00', '30.00');

-- --------------------------------------------------------

--
-- Struttura della tabella `meeting`
--

CREATE TABLE `meeting` (
  `meet_id` int(11) NOT NULL,
  `meet_from` int(11) NOT NULL,
  `meet_addr` varchar(30) NOT NULL,
  `meet_obj` varchar(30) NOT NULL,
  `meet_txt` text NOT NULL
) ENGINE=InnoDB DEFAULT CHARSET=latin1 COLLATE=latin1_swedish_ci;

--
-- Dump dei dati per la tabella `meeting`
--

INSERT INTO `meeting` (`meet_id`, `meet_from`, `meet_addr`, `meet_obj`, `meet_txt`) VALUES
(24, 1, 'Via del Corso 22', 'prova', 'prova');

-- --------------------------------------------------------

--
-- Struttura della tabella `pastfee`
--

CREATE TABLE `pastfee` (
  `fee_apt` int(11) NOT NULL,
  `fee_admin` decimal(6,2) NOT NULL,
  `fee_park` decimal(6,2) DEFAULT NULL,
  `fee_elevator` decimal(6,2) DEFAULT NULL,
  `fee_pet` decimal(6,2) DEFAULT NULL,
  `fee_wifi` decimal(6,2) DEFAULT NULL
) ENGINE=InnoDB DEFAULT CHARSET=latin1 COLLATE=latin1_swedish_ci;

--
-- Dump dei dati per la tabella `pastfee`
--

INSERT INTO `pastfee` (`fee_apt`, `fee_admin`, `fee_park`, `fee_elevator`, `fee_pet`, `fee_wifi`) VALUES
(1, '95.10', NULL, NULL, '50.80', '66.30'),
(11, '76.00', NULL, NULL, '43.00', '54.00'),
(12, '32.00', NULL, NULL, '43.00', '77.00'),
(17, '90.90', '34.50', '23.50', NULL, NULL),
(18, '44.00', '22.00', '77.00', NULL, NULL),
(19, '45.00', '76.00', '76.00', NULL, NULL),
(24, '45.00', '76.00', NULL, NULL, '86.00'),
(25, '33.00', '43.00', NULL, NULL, '23.00'),
(29, '59.00', NULL, '36.00', NULL, '27.00');

-- --------------------------------------------------------

--
-- Struttura della tabella `posts`
--

CREATE TABLE `posts` (
  `post_id` int(11) NOT NULL,
  `post_usr` int(11) NOT NULL,
  `post_addr` varchar(30) NOT NULL,
  `post_txt` tinytext NOT NULL,
  `post_img` longblob NOT NULL
) ENGINE=InnoDB DEFAULT CHARSET=latin1 COLLATE=latin1_swedish_ci;

--
-- Dump dei dati per la tabella `posts`
--

INSERT INTO `posts` (`post_id`, `post_usr`, `post_addr`, `post_txt`, `post_img`) VALUES
(28, 0, 'Via del Corso 22', 'ATTENZIONE! la riunione di stasera è cancellata.', 0x89504e470d0a1a0a0000000d49484452000000ea000000d80803000000d2f88fda000000c9504c5445ffffffffcc00000000ffcf00ddddddd4d4d45f5f5fd8ac00ffd400ffd100ffd000ffd300ffd600fafafaefefeff5f5f5abababc4c4c4a3a3a3cbcbcbe8e8e86a6a6aaeaeae262626f0f0f0bababa535353939393848484e1e1e1e6b8007474744141418787879b9b9b4b4b4b2222223535351b1b1b735c00f7c6007a7a7a6e6e6e2e2e2ecfa5008c7000be98000f0f0f4d3e00af8c00a584006a55003f3200987a008f7200806700524200c39c00181300302600ebbc00261e006551005c4900231c00382d00100c00fe26759300000cbc49444154789ced9d677b9b3c14860dceb00dd9abd9899bd9eca47933da74fdff1ff5a209928e4002812017f797a43171752c211d3d3a3c190c7a7a7a7a7a7a7a7a7a7a7a7a7aac99dd9e1eafae7cf1dd8cda99dd0829a7cbbedb522beb5fc32cdbbedb531fdb38c08dd5ed95cde313f4ed9cef16d5c5328a8e0fdb59d4c3471e9b53232b49683b0b991fa0d077bc35a74696d0d845df2c2eef5deeaea1efd6b2bdfc89d820c375814ec16728d8cde49b25cfed72cf6c12d562d2a5e9fc8bfa73270c0f7db7cc39a761789c7c39cbac3549bfae275f667c37cd3168a8265f76857535f9c1dee79b8549c2b028441a4ef90b9f88e324114cbecc89a1a2296999f4eea701f5e62c999a04d0e2731586bbbedbe790391e15e6fe96c53a43e2ff3cdb9c353256375980f3f10fb6bd19f0cfe173b0c56720cc533c9ccf6c6ee8e8fe142cf37585701104f1afcc8293ac4057bedbe88605d279eb2cb8e728088617ec5f684a4abe6cfa6ea5132e4996b04363fb370e12a26716eb22d9c7fa6ea50b506fee93a909f33641a10643f66fb43da75963d74976e0978334f9bd8f71a4c1982f38c99434937c59f7ddd0caa00d79b21f5f65811d0c49a841fc9dfe642bb9eadb67d8a4df85e12a999a302f231a69902e38cb64dfbee6bba91599269bf0019e9af842c388cfd90f17f07527bedb5a0dda5bfb2ca8c7280d35e00bcede00f77eb7b59743720f1ed198fe64230da24716eb3abfa73bcb4c1a06e67a920d3518bfd39fa38f83ced45de5880c4e16e9ef58883498bcb15756c820dff7dde0d2d02c68ca02fa3914430de27bfa0a9dbabefa6e7169429cdb2eb1486f4652a4c1f080bd4617a415df4d2ec92e490ff8d99b1c68c2e825b3e02469c69def3697e34bc8933eccc318883560af2239f88cec6bbbc7064fe5313f94e18b179c0716eb3e572b3a0795f3b75928f3f29c4463fda0af1f0df046ef9bef7697e08a6fbb31bf6230d26078cdaed8eeaad82fcbf91770a7260bce6f76c900ebc5479e1b6e4f28caf9cf9126d260f8935db33be8a4d82fcbf9ba3e4577eb0dbbe80b1f0c1d82de745ccebf05171a06bbaa93623f9d4ab7680cdf35731261cc179c593e717706ba402e172c348cd15f7a1d1df35d2a7c21690f5759ce733b35abbd6cf224ab23d064362be7e7133f65169c2e89fd748bc2e5fc47ed42c3e1da0b9283c3ee88fd74e329caf9f97454eca772025759de26c5a1061376359a92a878d17ea8487447db7e5f3027d150b9d8bfd61db15f2be7e7c3c57e24077744ec27723e57595ec06daa4aaabd7446ec9f124dec9035dc2cd04015fbcf7c4752842ce73f142f340cbee0d03b7dd5772c057ccb93f3e9509d8cc713e0064ec5fefd2e88fd74eee42acbb51cd2308ae66f1f1f1fae2f46ca1a1431b11fadcaad17fb4f79be8391e5fc6074c0d5d0fbdb48fa1c04b19f1eb6b7169ae770954592f387019f7af0e89e9766e7f895be8232e8cb766b2f21df9b606ec43b757c104a3c8bbd9e2e38d3b68bfd744fa291f327f372a4c9aa2bc69a8afd2d2fb4948b2645393f2d55ca22ef7ad8cf91d87fd25eb17f4e92f3a51efb0e852ae58da9f632d366b19f9680a645934210693e2f22ed0604b1bfb58596929cff2475ea071caaf4890862ff62d84eb19f2ab8c7aca9a2ca3204e624c28b78b7ca62ffa9efb800c25c397ffc0cc6891017d70e88fd7bfcf622489950f41b0c53edfe20fa8fbdd052b19fcaf9bc68f256ca70473fa02831b2482c175ab64deca772fe096da522e7c7ef9a40d52d815068d93eb15f96f3159545b3aa82d7c64ceca7a957bbc4fe42393fe75efd295fdb6ab17f956f4608aa9c1f9d836122946b15b17fcb777c2906727e3aaf2a0042852cf6b7a7d0f2920b079877a0f1e34738ce64d70ae8c4a9d84f258db6682f2672be2e054e9260483de5623f15aada22f61f8972fe2b24e7a7b9adcc13a429a6da0b951fdb21f653716fca1a07caf9c6393085175a22b1ffb02d627fc80579d27450ce4f535b9967f0a04e28b444efdd06ed65ca3f7902d470842e54b8f4301865c5fed55688fd54ce2f289a4c26555da872b6cc689fd8bfc18f44311fba830b6d12aca8e2ecb3699bd88f7a73314fcee7035297046b0f2505b1bf05ae0a45727edaf05f9a50b5352113be3eb542ec2f90f3b3a1be40718679a79282d8efdd552114e5fcfff4478c635d12acaf1f4817a8297f0ad61bbbe64593ba24f823e754bd4562bf2ce7e7154d6a75e0dc020276152d58f4a7bd481e087ff36a597449309802f3a19015fb7dba2ae4cbf972a89a24184e8119a396b82a6ce5caf972a89a24184e81d50fc8abab029d273472be0a1cea437ead5a3b5c1542d503218f111caa2e0566dd2a8bfd3e0a2df7440f84b0a89230fe0386aacd2429a928e5add052e38190d3abf750a4c57579fe5d15bef2936d4c71d1a426092e2c8b565c159a16fbd1ae6ac9aa6852930417175b0aae0a1ec4fe33d103e1bcb8685273ec58fc8b82d8df7ca165b19caf860a26c1f0f38f52b772ed65d0bcab0295f3610f040d7012fc6a52432bb82a84cd8afd87fca17f0c24e72bc049706e0acc10c4fe66b597020f044da84a2d1a223f05668cffd1cba9d8df5ca1e51137e82083d0a83a3f0093e0fc1498e14deca7e74553f6dfeb55161128d4821498e1cb55213491f355c024d8e8c9146fae0abbdc2289601668d233509156c18381e9e7e4c355c1cc03016a2d94041b3e9a12a4c39f5a7235516869e48100113d01a11ae41ef4b7b3627f338596861e085063a124d8f8b783886d028f060d89fda7661e080060126cfeeb93a65d15640f04d38506b5f5418df4aff1f0970a2d1b10fb43b1683247ce57430592e0578bdf17c4fefa0b2d2d3c10d4a60249f0b945a8c188bb2a2cd55f686923e7aba10249f08d4da88dba2a48727ebe078202f09c82590acc505c15ea13fb154b639bf19b11c4520c5360866ca15c9ff672225a1a177920c80049f09be587d594d80f581adb85aa26c196e3a229b15f2e9a2c92f3d5505f9550cd5360c2b0195705d0d2d8062009b61d18cdb82ad0a24973395f6da69a04db0e8c66c47e8da5b10540126c9117b237a9df55a1a40742163509b6498119f55b286b2d8d2d427d9343fd6d3f80ebb7509e4a96c6f64d846a04ac526046cdae0ab996c6c6a12a49b0650a4c912d94dd165a1a7820d8b491619702336ab5502e25e7ab8cfe49a1161d996b18d7e8aa5060696c8af2044aa94eadd542b9d0d2d81469041bebaa325ceca7279feec4feb0c8d2d894b1a0b9181d3882d426f6e77b205831ca6411f765c74620155aba13fba99caff140b0249a67c9ce63e93ec5b0d6387555903d10aa3571181f3cbe9cfff736acf281652d941dba2a9497f375c18ea3685cf54d6ab15036b4346e9a1a2c94150f84cafde108f7ae0aa1a9a571d3387755a822e7d78c630b65c503a1dabce918d62a2762bf95a571d338b550b6b4346e1ac155a1a2d86f6969dc340e5d15ac2d8d0d5b98e0e69d9c592897b0342e66321a1e5c5fcf5fc4b2b55f295c89fd92a5f1bb83d9771c3cd0ade6fbcd8183db417155281769294be37c46424df0af8bea1f9e1b57855296c6790c2fe4c775dfaaed92024716ca0ee47c39d27fa1cc43e558050be592ae0a61394be31ca0a7cddfaa8e610716ca53430f046362a8eecec1025659ecaf60690ca37da8b3f268a9eaaa20c9f95a0f046362f8e129077340455785424b635be0ca7d844d419b265649ecb72bb434f64030c5ce6fc98e4a16cae61e08a680c5c084ea997515578530d7d2b80cfc4fd6a854df1956b0507628e7332c7c0c4b50da5521dfd2b86463e007751d852aba2a5888fd929c9feb81608ae6415d44e5d526286da16ce581608ad6c2a5f8c96d23b8abc2d1c0c25521dfd2b8247ac7bbf2478f59140b6513ed25dfd2b83cba502deb64759411fb433b0f045352815ac291cc5442ecb7f5403006f4a27733bd63040b6513eda5c8d2b83c63f06eadae6d706c0b2d77440f0497727e0c0ce177776f6f6ba15c68695c0535d60fa747987616caf5caf9b13486cf5d49df0445eccfd35e4a782058310e321dfb3aeffa5cc4c242b98c078225d1f0ede6f5c79fefe78f3f63f7675de616ca0696c6d51946d168347250f801602cf623e9ccb19cdf34b2ab824e525b2659b2a50742ab105c15d6f4477373f8027772be0fb830b945ee56cdda4ac636cb1e1cc8f91e48b597593cf7c0d2cb0256c6b9a0144c865d24661be3291ea0f01cbc84137d66827033df51d8c6750fef47e17969010f70bea8769de39c5ea5f7aaef26ba621b6f483532e90edebf6d14bf4b2758c0d291e6647915f7fa2719c17b78efad3b8144ead320f334429741cbea614e2dde1c39a39cfa6e67754e17c85aa2958391da82d4a799b9a2b76a376778debdcb2db09c866cce9a99ed2e38195cb82aa815404261dbfe825729f081537e610fdaabde2dfbf29176c51ad6768baaf989d872b733d75dc8b9da4971b1d6ec1574a7770eb363c7b5cbe2776a373b16569d4bfb339d65bf5d7f2db0a7a7a7a7a7a7a7a7a7a7a77efe07550e470ee1cf85ec0000000049454e44ae426082),
(29, 2, 'Via del Corso 22', 'FESTA CONDOMINIALE , sabato, tutti presenti', 0xffd8ffe000104a46494600010100000100010000ffdb00840009060713121215121212151515151618181715151515171517151515171617151516181d2820181a251d151521312125292b2e2e2e171f3338332c37282d2e2b010a0a0a0e0d0e1b10101a2d251f252d2d2d2d2d2d2d2d2d2d2d2d2d2d2d2d2d2d2d2d2d2d2d2d2d2d2d2d2d2d2d2d2d2d2d2d2d2d2d2d2d2d2d2d2d2d2d2d2d2dffc000110800a6013003012200021101031101ffc4001c0000010501010100000000000000000000030102040506000708ffc4003f10000104000403060305060601050000000100020311041221310541510613226171813291a1144252b1c1072372d1e1f03343628292b2f1245363c2d2ffc4001b01000203010101000000000000000000000203010405000607ffc4003211000202010302020904020301000000000001021103122131044122511361718191a1b1c1f005d1e1f1233214426206ffda000c03010002110311003f00c03427809404e01553e8f188d013c05cd07c915ad5c98c51d8463519ac5cea6824ec37438f88c27eff00cc15d60ce508ba934892d627b6203901ec8d086b981ed376e70d3a0afe653b2294c5ecf7400b138468d913d91a7c4ad9101c894311a4c39354e2073aad7cacec8cd8d37b149dd917bb5d914cee977748a802196247354a31aeeed7510d94d81e1e632e2e797663fdfba92e6a9ae620bdaa5ee0c524a9119cd40e2387395cd04123505a6c1ad410a63e80b268752a34789639c5ad3647f7a216e9854dec06375b41dac029a427472e625b968b49d7a8bd3d13cb10a76316c80655c74dd1f2a89c4348ddedf98528972a4c2a6ae84785be83f24ea50322350f132656e6f303e7ff0084f767cc001e1e6544e26ed40e9f994274e4e3175c960e65123a7e8b9ad517874fa77640b7483f78e268022a8fbeaa4971133221a9399be59b96bd17070ceabd7b7d6850d446b53804f6b50d97a2846847828105c2c0e5d7c8f9246b111ac4161e9b383515ac4ac6a2b1aa2c3d235ac450d0059d0754f6b13a4c3b5ed2d70b0770b9481945d6c64c04f6b52342231a9563a311cc62ec4c7257eea83bcfa23318a4c6c42e44ca1aa35f41238f4d7dd3db856fe16fc8233188ad621bb06514c6c508029a001e4292cd9580b9c4003995258c595e3af7199ed2e3408a1caab4d3dd321e2655cd2f471d900c763ddde3f24a72f2adab4dba7f45aa8a66774d949cad2d0753b11a117ccd82b1ae8af553ce34bb0edc33466717f4d81229adf3255e5074a8c95974b6d931fc62599d930b1dd6ef70d07e83dd59709e15331c5f34c5ee22b28f847f7e4ad78470b104623157bb88e6e3b9fd3d94f10a9429c5dea93dfe457f72b8c291bc519dfba02d702367653a9e62aaeba1d8ab376193de2946ad73b8b5954b865498957e1f127318e56e478d88bc8f1c8b49e7e4b46605171b852f68639cec81c1d901a05c3406f706ba151a48d5b91717876b616cb9b770691d09340fe5f3556707fbccf99db516df84fb7256078667677399c73681c4db86b635e75e6a771ae1620c803f36660241f881ad6c79ee12d4651bb764eb5b27c9418cc307b4b49201e8a1e1784f72e26cea0558ad0eb7efa2b67353dac0f6b9ae751646e316c01737c791d7c880e035dcf9a16ad8c72495b2b9cc427048ce20c7e8dbbf4457354b41a926008429630e14762a416a690846adc08650ae8932a21092908c88ac0a8a57e6713e655fc435fefa2cdc6a50199ee907c338073736c1c09f4b16ad622d790e6b72e4269e09b713675f4fd42a6015e6123cb1b473dcfabb5fca90c913815ca8335a9b03b3491ee3c4f61d7424015f5211237657c479195a0fa0ad3ebf44089be08c1394b677b5c7a070678bda8a12dce4dba449e1a4ba3049b3647cabf9a98d6aaac162f2372000b8be9a3978a85df4d02bc0caf34a9ec5ac124d69effc88c62331885868882eb360bac790a1a7cc296c6a06c6dedb88188cd89399414ac348c07c43451626791a5b2304c08f1b50e30a5c6d40d9792d8246c4e6618e7cf98d65acbc91236a951b12f511249f273188cc627c5159014a7c0bac44f2202c6acbf6af0f9650ee4f683ee343f90f9ad732359bedb021d103b6535f3d7f209f81f8ca5d4c96933ad056afb25c0ec8c44808a3fbb1d7fd67cba7a2a3e0b80efa58e30e00bded6d55e84ea4fb2d6764a578c4e2e07b9cec8ff0e62490d0e70e7cab2ad194a96c63aad74cbb9e58e31723c37d4ea7d06e50a0e2b0e6009736f62f639ad3ee42b48f06ccd9f23731fbd5ad0d85a9a70ad78cae0083c88d13f0fa2aa927edb5f25dc566cba7721b302d2eef3735a1d0803cabdfe68a2000ea2c74521fc2ae230c47bbd051009a17afbeea6c5c332b034034d006be49ae11d3cff5e6624bab8c24e2b8e6efbdfe3e4a47e1872baf3dd429e257d89829574d12ed0ab62d61cc9ad992386e163c3c6669584b8b6dbd29c34af3596c748e91e5ee3649ff00c05738a7bcb0309b6b492074b555346952896b05a6e527bbfa15ee620bdaa648c51e46a4b45c4c8662035007c974b1115608b162f98ea11dc153e37133b4eae2f6fdd075dc93a6b6353485aadc9d554487b50ca9b2c14d89c4ff00891364afc39b3787cf61f351a0d5cd6d789c68024559d059bd100f87895ae0094c2a63d81cd63c6ef196b9f78086fd6c3be6a34a06635b59af4bd10d8e4b61924995a5c396ab36d2b571c5a1246e34e9bd6be5b859fc7c2192bda050074f42011f429b8e51d2d56fe623a984b54657b790fe1d06776bb0167d8815f3215d2aee052517b7f133ead735df902ac692645ae9786071eea8c11bb5ed23cb43fd1563a42e249dcea7d4abc7c59da5bd47c8ee3f2faaa42ca247306be4ba141664d4afb0f8650d734bb60e04fa02169b0b8e8a527bb70751d771fd85998700e95c1a36fbe7a0eab5182c0b2214c157b9e669066697b4674be91cdbdb4fd7d84a0db20ed435036bea8ed06af95d291c1e1ce5c3a37f55698fc3b1b8504119fbcdb9ecaacb26a9b193cea3250f5a5f1295aadb01c21f20b6c723bcc374f9a99d8ae0cd9de5d20b8d95a7e271d81f25e96c681400a03a6df25308392bec647ea3faafa19fa282b6b9f25fb9f34c414d89aa342d53230824cf5741a26a971b5370d15ab4c3f0c2f21a1ed17cdda003a94a93a56ca99b3463c89c3a1cced3928f8ae291b24746ecc0b4d5d696b4586c543860445fbd94ff0098e1e01fc2dfd5245c0a4c6f8ded6bacfc47979023649f4d7492331f5315373caaa1c26f67f07f7a2ab02e6bfe17036b27dbd93ff5393ff6d8d691e66de7fec16f24fd9ccec70745256ba8cdad791e7eebcdfb47e399ee235b22fae53941f900aef4d27afc4be446ac59ee5827a925bfab7afdc97d83833e26838b4863dc1cdaccd218688bd3e6ae3ecd3418f8a63197095a6394c6d2458a1de50f841f01d7a3903b05870cc648d6bb306b1e33555f875d2fd42dbbe1cda1db98ea2b62b464d6a5ec33b7b97bbe812291a7504102ec8d856f651387f118a47658df9bcdbab7fe43445c3c036a15b572ae8a5709e0d142d2d8a30c6bac90dea7f256b17a351769df6dfebf5333acc8e2b72f385c039ab330b7a0545f6a386c3192539cc4c25c5a28bb28e43a953b877101344c95b61b234380768688b16123229376612c91b69f25771685a09a0b3f3ad3f11d567b131ab78df8771bd1ce9b4564ed55b3b54ae31c4e28347bbc556183e220923d39154b371c63e9b1805ee3595c6abfa6e86525746f628cb4eaad87c8d598ece4ef777a1c491608249275bd0792d5625a68d55d73ba545c2b859803ade1d9ab400802bd52669b65b8c9121ea14f0877f883406c13b57f763d958c387748e0c68b27fbb3d020f1991997b961cd94fc7b6a2ec01f87c5f441275b0d8f8acaac4e235a69f08d01d4581f9280e948377aefeead70b85cc1c4d00d167dc81a7cd09d876a0d87a9506e1e498db255361769ade791de2d474a0df928a516f4ca36bbae57b5a61434139db24605c2cdbbe16bdc0f2b0d2729f27557baa2e384199c4680b63205ff00f1b55a44f076d41d3d47f615571b8867001b191bfaeeb92a9119e4dc3cf73b84baa68ef62e0d3d69de13f9abb91b5ee2c1ea0acb3222350e22b5f92d570fc290d7405f9a46bdc5b7b3dae03c2dbe762c0e798ae9a27a5c9252a6b6fcfdc7c1f10f51f9aa9c736a578ff5bbf32ae70b1fef1ad3a1cc343b8d5516224ccf73bab89f994bc77abddf72ee7dd20bc16399b203e2eedc7c66851a0569c28f86d18c1fe86fd5a0fea8cd295967aa5658e930fa3855b77bee683b2b599ffc1fa843e2b8125ae9c11943b2d5eb7e8ab20e26200e79dcb680b00937b0b51e6e32e9185910d5cef1349a70236cbc8aaab1bd6e421c26b3b9af52f7773d23f6698b616491823335c09f422bf30b6ad367d345e51d89920c347f68927eec0bf0120b9c7621d5cec6dbe8b6383edae19e2ce66fb66bff008ede89f8b224b4bec798fd4fa3c93ea673c516d77dbbd6ebfa3c4e3d3913e8a6b028f0052da1219eedba26618d29ee9ac00a0c211e4c3e6ad48a3693229e449bdcd1765386f7d28bd86a7d02ddf038431af6b450123a967bb0556fdae87f55abc0c2e63487512493a79947d362ff002466bff56fe148f1bfaae794b34a0f855482e21f95ae3d013f20be6fe3029f9b9875fbe6b5f42f1b99ac81e5ceca32d5f3d74d3e6bc23b4587116206d91c3334de8411f437c968644f5291a1ff00cee9ff00227ff6af97f7f209fb3c07ed2ebe6c71f5d0daf458e2d5617b0cf0ec5103eec6e3f3207eabd122626a775637ac51c59a718bbfe8361e34b8ae2f0406a595ad3d3527de828dc63887d9f0f24d5658d240db5f35e358fe2f2cef2f91c6c9babd07a04f52de8cbff88ba8b949eddabbbfd8f48ed871cefd9dc61b15856c6f6912ba52e0ea3f829bd2d69f85717c3648e28a78dd4d6b400e17a0036f65e04f90ab3e198e0d2000dbe4e70bd7c931b5425fe918e5b6a68f77c43954e21aa3701e3cdc4c641b63e3003c388d4568fbe850a7e28d6c9e37c5dd3ffc37b5d673821ae611cf53b8f429d07b190b0cf164945f2bcff3e464bb5f8b8642632c7676039640d3f134f899d6bcfaac54a48d4686c3af98a5ace3b2bb098e7be66e78a5d47a682db7a666d57bf9acde3a6efa491f1b0e52e73aab669362eb64b94753492dcf4fd2aa4a9dae57bfe64be15c79e5c2397c598d077304ec0d6e15de52e706b45924003a93a00b0e1d94870dc10479106d7a43ddf6687bff00f31f6d87ab5bf7a5ff00ea3dd29bd3c8c9ae34f2f6fbdfb97257f10c78803a088dbf69a41b58ff002d87f08e67990a8991971af99e9e650e79431ae79bea50384e28ca4bb31196bc036377ab8f3db64b18a4a151bbfbfacb396b61b0d3fa940723c5197b83055b8d0b200b3d49d02012a688d56c195d8fc14f2309862ef00708cf761c4dd583940e75a9484ad3f04c63e0c348e6802f5b3a000f847b943374834a52da3c90a5c2e0e11dd9125b5ad198bf527ef786a81be4b2dda68dad9e986db91a413d0d9fd52625ef738b89d49b27cca8dc5410597be41f47385288477e4667494552eff622b4abfc58b11bb998987dc34309f9b4ace82af627b5f0b05f89999a753a0cee70b1fee452230b7ad57aff007fb171c0f1ee7c81b280fc8d91f9cfc6032373b53f78580355976835e4ae386c432cee70f8607117d5cf63411ec4aa6188bf0d525e97be92c29414da93af25ebfc66a1c6a87fa5bff509f1bba9b29b1cb1c995a0e497bb8f471f0484c6d3e13f75de4744cc45c61c5cd232ee0e874489c7734b0658ca1ec5f8c0f1599ba364612c3f781d5a5574987394b98f1231bcee9c3d41d51c76920aa2d73af7142bea75556d6c4f7b9fe36024d699801c81ad7f34cc7075b94b2f51094af1b4fe55fb9321c69d7300fbfc567f546c3f127c6eb6697b83b7b8e6a443d9979735bdfe1fc6039a7bdf881fc208167c97714e052c06de411ce811efe9e8a5c71dd1d0ea25254488029b18d94389fa5a892e1df2e46990c65d99c77f0b46c3cef4541a34f264a8da2f5b88637e27015f3f92e938fc0c1b927a01afd564b1fc29d11d1d9b426c5eb5d557cb8abf0e9edfcd7286a2866cc92f1a69f63d338276c7ecef6cb93c06f4d891ea090bd138776df0b2b5ae2e2ccc48a78e63a96d85f3ac78a20559ae97a2931715735a5a0e87753084e1fe8fda53ea7a1e8fa9a94ad4bcd3fb6e8fa03b4bc5e09307398e563ce4d035c0baec6c37b5e17c5b124f86ce56d900f22ef8aba209e22e1f0b9c34501f8a3ff95660dca5a98783a6c5d1639638cb526ef75c6c6dbf658cfdf4eee618d1ff00271fff002b7dc4387367686bdd2368d831c8e6107d5a75f75e5fd86ed2438591fde87012068ccd19834b493646f5af9af55e1f8d8a66e78a46bdbd5a6fd8f43e45595c99799f89b329da9c062238256f7af930cc84567735cfef3383e23598d723e6bcc8494bd7ff006858c74583786b41ef0e524f26905c481d745e3168e53d52dfc97e7cc6f489ac4fd6dd7c97d5165c3f0ce9a411b48048275baa1e88f88c2f72f735ceb70e8281d2f9a8fc067c9366d806bacf4b0838ee205d2b9e0d83a6bcc04109ff00934be280eb3d2bc2de27e2b55ebdf75ef5b7bcd2e0f8dc7245336461170380ad439cda736fa7c2aa715da1b8216471906191e43f7678b2b83686976d26956c13d0d00bccdaf3be44731a05eaece07261e373228db88eff002e76ca591c4c001068341738f8ba26c31b72a5c7b7f3b89eb9e3a5296edd6d5dd5d917038cc3f14c2b1b2b9a666b417b41cae6c9a82e1e477ae8a978b6067c2c24451b4b28e670f89a39970fbc6b9f25dd9ce1b3e031a61c99e399b64b2cb5adb346cfe13a1bdc15ae76258e2e6b5c0b9869c398245d11e8ae62cb249a8f3c5ff25384de17e1e1eff9e478d07ad21e2524b035ef39cc596202c021b4721d796847a842ed970410384b10a8de4f87931e352d1e446a3dfa2a2c2e28348041d5c2c82746d8ba1ccd5aaadef6d1a5aae3699a36c1de10caf8b423d774f970b1c6e73626e56df9ea4697afa2370d7f77890d9361b39ba9208b6b9b5d74a4fe2584746f2d76bcc1dac1d6fd7af982812ee14da554448677c6f6be3accd7076a2c69e5cd46e278b6c60b9e7c4e24e503724d9db41ba93c6666e1a26d10657ea4726336f993f9158b7cb98d94376fd403957b4b61c681ddb5eeb49da8e30d922859876b44766dc1f6efba323980787e1079ac1145824cae19af2d8b00ee1734eafb02b25c96af8a2e8bab754d3c8731b37a9fcd58f1001ad6badc1af3e0046a59c9e48f3b1ecaae77788ae834f743faac975b8a1ea6f0905cf3ad00d24df3e83e642ae055f7655cc123aded16d0d01c2eecd9a1cf60995622191ea561e79f2c2fd69ce734503bb7c65c0f5d430aa474c792b5e32dff00128681df21a81f9aa64115ea2d679b52e794be95f62c44a5cd17b8007cb41f4a52f19c624761cc4ff10d1ad71f8801bb6f98db75030ce1945ff5dd171f1011368def47e481a56afcc7c64e58db5d97da8abc3c0a7c710e650239000958f3b9e69afc914f169c7d89124400d16b7b19c50ca0e1657127293113aea3531fa11647a2c8364bd1361c5189c1ed2439a74237b4328a69a63b24d26a51d8b8e1f016b44598d3773cf5fbadb523ece35e66b73b8ff724637dacefe541489a60d6f20d1c81d49e8166346d46a114976339c53181ba0b24f5feaaa1ae44e2388ef1e49ad0d003603a28ed56b1e3a479cea7ab7972b7d97048ef5277a805c92d31404bcecb064c9d33dba5282d7257152928ec39e76d057152305c42485d9e291cc7756920fa1ea3c8a0836a56330cceee27c79b310eef01acb6d7502c3bed560f54d71dac5b6fb1a4776ce49e131629824b14256f85ed20820e5f84ea05d568b372d6e08cbf555ec775baf2469f0ee6b43cd6576d4e693f206c25b4ac6433b8c1a4ad73ecfe029f5fe4972e975fd14164b4acc625a184345e6dca095c47609e3c97a9d522ff00b05c1c62312d73cf859e323f165229b5ebbf905ebd2cab03fb2ec116b2494ec698df6d5dfa2dac8e573a7bab664f5e93c892ec97c7b9e7fdafe23c40c91063248da729cacb73337787287c8d1bd0162eabaad5330ad0eef4b1a25735a1e5b7a90351e62d58bca878a92813d013f2562dd515f9ec57f19c07da30f2c6353973b7f8d84557b123d0af2570a5e95d9be33f688c49603c121c072d4d7d163fb518311e22400535c73b4793f5a1e86c7b2af357e25dcd1e9e4d2717dbee1386f107be3a69fdec20b9879ba3ddcdebe1d48f7408b1cf63cb9a0c917c4e049395ced79f9ebeeab70b3989ed7b4d169b1edfa2d0e22260825959f0480b9a3a13a39bea0d855b2cea375eaf89a1d3e3539e96ebbfc0cbe2b16e9092e24926c9f2d80f65193e470a6d7e01f3dca166471a4a9233e526ddb7b8f2886b28ea84084aef228a3371b4bb83b3dd96181c5668fb93bb49730f317f137d0e87d7d542c69f17b0f9a003aa7ceeb2969530e59756251f27f211a9f1cc5ae0e6f24c8cd1048b17afa22432548081a66d8f446294aaa8d038b4c72661bc66b6b0e041146fc95012afa60e6343ce81e1c1a7427569161b7637dfcfc9671c54e32e7572a9fb8998378b05da8046975639807929b8fc53326567785bae5cf5635db451a08324627391cd2feec30ea49cb6491b802c6bd533182c68daae4ba493af6818b3648c65a7c86398e1a1046dbf43b144dc2ec4ce5e2371e5188ffe3a6a811d934176aa5b85493a8ef7c1262037e9b950a69731bf922e2a51f0b4e9f78fe22a25a88efb8bcf912f02edcfb7f836ec1a83bee2be481c664a63ac81a687f3a5230e166bb538c2e786726fe6a928db363aaea3d16172f77bd94c1282876942b279752096bad201d530152826e892c4fab3482d72261e4a7b0f470d103f32cc24ad47cd92f10cc87f4426e20d57d3d548e2b2dc8ed2b29af92ae255857482cb3d3375e65a61786f7e24c8e01ec8dd251d03dacf8803c9c06a3ad15506c687e454ec1e28c66da6b42d3fc2e1447c90b886243cdf3eaa1a484648a7e3bf711ad383d0ad39aa3916a47a9701ed8470e0e21dcb9cf01c2810c65871d4bb5249b04e9cd038976e31258eeedb147d0b5a5ce1fee7923de82c160e675559abbae5679fd0298662411e48d71b16f1c60fc4d6efebf4343c0bb53886bbbc9662f6934f6bdee758bbb68d688ea16c787f168f121ce8f3534d5b9b57cf45e6186d1a02d070eed11820eed8db933d82ed581a46a32f5b1d79a66374066c5714d2dcd2c1c36281d248c05b9acbb5355b9a1f359bed5632099ac7c72b5ce69ca403a969d41f63ff0064c3db1958087318f71d8d65af335a1f4a1ea9ece238574172c2cef0b4de58dac02eeb2bb536342a2525c44ec58e6a5beffb196902bbc74463c18693bd9af51afe415661be215d46aac3b5b31a63329a0d049f324e9f4547327294626a609e8c739bf26be28cd04842e057172b0ccb4d1c9582cd6c999918ec2b74272a604ee95e76f448e046e9ae2a550b6f914b93a298b5c1cd3441b07cc211290a316dd13592d10edf9a1ced01c40362f7d45fb1169ac1a05d23b54c4a8393bdd88ae5f898dd00abcdf787423405a7a1df5e76a92d3a37ef46ad2f2f897233065f472dbba68707eb4a7630f72d11ff009845bffd17f77d53300031a710efba6983f149d7d0687dc28265cce2e76a5da9496f53aec86a9fa285dd4a5c7aa3e7efe17ab7ee3175a2fdacb4db3441cd69916d951b8ae1d9b59b10236171fba2d62715397bdce3ccdff45a6ed0df73a7517d6964024a5b967f52cd27250ecb7089dde25c33b5aea9b2e84a2daca1ba8ea4f9d84b4a136d38152c84d5846a7b7740694f0503f21d196c4bc64b99ce3d4a00291cf075bf6410fea9f6a29222797549cbcf71ef92d3122e40dd8bb6c55219169ea870b2cebb29850b658c1894bc4c1e1cd23b5c80ef24e694dc725743d6ca83971e4691849a8f451814ecc9f0dc894a90591966ed2499af4d92b11e18c92006d92741fc822d096e0fa4d5b05e19192e006fb01f41fdfaa7769a6b7017a569fc0df0b4fb90e3eeade185b8705b21fdefde26ae3691b7f1569ee475acdf14c5091ee7ff00b583a346ca85a966b5c22f37a3a769ba6fe8404d29c123d589233d3d86aecfa52429a52c193a1ce9090013b6c864a55d4b90a6db3ad36d724b47740361ed48970ae0c0f3d76e9d2fa2ec0401f246d73b2b5ce682ed4d02689d15c7117e774a2ec39c75eb47c27e8144a74cb98b0b9c5bfce0ce5a73012401b9343d4a1a261e4ca73731a8f5e4b9ba4564eda4c95c56519846df863194799ddeef737f450536d3804b82a44cf239c9bfcf67b8453786e1d8e7132170681ae516e279345e839ea7e45424684e88fb118d272dcd5e2237398728badc9ba17a6b4b16fd2c11cf75b98e5706b981c435d97301b1ca6c5aa2c6f0e199c36b36c3c8deedf2fe895355b97ba9c73cb5a7b1420d1f44b249675449f08e65e61546bcb440736976ccc97aa3e162ae0536d382267261e27689b23b5d10c2e2146a1adbaa14948b825b5d609c9cc6da46b5118b930a2ac90c02a93c040011e104aea5d8bd8df6a07234e89e344f71437a64215b9d254ec7e7175e5f557fd96e1cc9b3990121b9401640b37775ecaa385e14492061e609f5201202d3b71a21c1bdec0011a0a1f79d42cfcefd93f0636a2e4d89cb97b12a6c16122b2fc8dd36738ffd6ed54c1da56440f7387635ff008cb8b879651a10b26e909249364ee4ea7e69b68e4f52a111953b648c5621ce71713a9d4faf54105311231aebb256c89d4e4c7048f72b0e0b846cf888e17c8236c8e0dceeaa6df33685c5307dccd24448764796e61b380341c3d46a96eeac736b844229853dee422b946d0a94b715203f54891400d8eb48b92050dd105a706c5b6295ae76c2c7a5822d4e0f076fa2aec261da5ae2f04d8f0fb9dfda9743080e14ea074412669f4d29e38f0a9bf3fcf222e25b4e3ea86a57126d4847905111c77451c8aa724bcc54d08d1b2c79a6161528069d58db4f84a11458d4bdc883f11ae622b458a2b972835ca9ed047740500d6dd75ad00fcd660948b929ff00b197d6bf1889415cb94a2a0f6a784ab92e43e035c122e5cba2ce90e61521add172e4511b0e02311b3d05cb91d96e0f6025cb9ce5cb9320c5c986c2624c6f6c8ddda6c7b299dfb9f0e22ce94c7d72ff0011a0d7fcbe8b97275baa1334b4b6525a548b972102b4a2f24ab904c6e3ee3139d213ba55c843b02f3aa1a55c8fb155bdc261e2ccea4d7c75adee4ae5cabc9bd43dc22b16aefbfd812244b97226261c97f291f65874d6e404ff000bbfaaa395bcd72e4893b76cd1cc9688fb06ae5cb93a3c144e61a52e29f36846bd7f985cb91d70c3c7269d763b1106c74d7fbd947012ae4ccaedd9c92b3fffd9),
(30, 1, 'Via del Corso 22', 'PULIZIA SCALE programmata per oggi alle 16', 0xffd8ffe000104a46494600010100000100010000ffdb0084000a07081516121816161519191818191c1c1c1c191c1a181a1c1c1a191c191c1c18181d212e251c242b241c1a2638272b2f313535351a243b403b343f2e343531010c0c0c100f101f12121e342b232b3434343431343434343435343434343634353434343434343434343134343431363434343434343434343434343434343434ffc000110800a5013103012200021101031101ffc4001c0000010501010100000000000000000000030002040506010708ffc400451000010204030407040706050501010000010211000321310412410551617106228191a1b1f01332c1d11423425262e1f107153372829224435393b21654a2c2d2e394ffc4001a010003010101010000000000000000000000010203040506ffc4002c110002010402010205030500000000000000010203112131041241517113223261810533a114152324b1ffda000c03010002110311003f00daca55627a0c56255589f295480964b41872802188041b835079880a4c14180479374ca76598532d3ece595ae5a9945d2b41a8586ea0524a5490e5c1d2d1512b06909b47a2f4dba249c5a33a3ab3d219e802d23ec2cf0d09b7234f31c06131328997350a4016ce2bc40e1c621c52d1e9f0ebddf46bf243c4a0cb538f70dc6ee5f282a08507112b108ce0bdac3e714924aa5af21f7492dc23484bc3387f54e125fe482f72c84b10e55043133447165e353c1b3be468bc1a1896021b87fac5b036bb44c9a51c9b528ca535d568d2e050e9148f4ad8a1b0e81f87e263ce30434dd1bed8988064243fbae3c5fe31c947eb67b9597c88b80a87054451386f8e89c37c751c649cd1c4afad00f6837c350bac004dcd0b34004d8695c002c7565a8180ecf961280cc2f41ce1d3d7d531cc3afab00c98171dcd11cae11540214d55443d0a314fb7b6aa30f2ccc557448de5a3bd1eda2b9d864cd5a321539037a4595c1fc9a25b495d949361f1d3c0254a200147341bbce339b431694ad455233200244c450964851eb0e645eec37c5e62252560a541c382da382143c408ac9db3496099840cca531fc4a0a3621daa03bd0c7c7ba8a552539796cf7611b4525e01e1d4ea294a960e50a295a738caa703ac1b71b9d226e0a5a92842544129a387b0b5f834564946210b4864a8120295476194518061ef1034711752c544454c68b2c244d60456a45b83c4cc14c39c3d0171de221488063a691929d552d94490024655172fc401db1f4bfa63ff00557e4f1f95fbccd5e6177a465fa1492a3889c410664cd431d57aff0038ee88737139415a4852535504a85854b07a96d23393ba5b28cd499531483958e619524bb8bd0d1af1d77211ea0ac38a941ca4eeb13f89363ce878c34e2548fe22587df4b947f50ba7b69c6333b27a4892a489832fe24d535d48b8f18d72260500a49041b105c1e4443c3d0b3e4ea5408705c1b1150791874445e118ba0e426a583a49fc49b76863c618ac69403ed53900fb62a8ed37476d3898604e8515dfbca5ff00aa8fef4fce142b88cd24c4ec3aa2b926b12f0ea86265824c1526008304498041818f25e93e233e2a7126cb5a7965397ff511eae0c78e7496565c4cf49d262cf615123c088695d308d7546ac672d10810d153b591ee91f7afd8d1308a153d2c238bc295a72a4151bb0bd05c0d6234f27af52a42bd17d5ed60852a5b5547be1ca9c34804a4d2ad050046c7cbb4af91b314a55edba267478813149de011d943f088a530ec24ccb350afc4c791a444d5e26f425d668dcc893578d4746960a569dc41f03f28cc4a5522eba2b33aeb1c079c72d3769a3d6aaaf4d9a804476903cd0e168ed380751e1240786830a59ac0013288a7e926dc9784979d6332945908142a3f0022de31d8147d276a4e9ca0e8c28c881719cb852b98657f70dd11395915157666e7fed0f10a3d444b48d299bce1f84fda0ce4919e5a169dc0141ec223178b98f31677ad47bd44c1254a2b2c9676895957346bc1ee1b136acac4caf692f7b2926e956a0f9f6c58040f548c1fecac1f653d4f42b4a7b52924ff00c846a369e2d59d12a58056b3ad42500ba94af5731a78326b266317865e3b1ca4ac2861e42b29fc641a849d5c8a91611b55801200a0a06160068dd902032809d1cd4ddcd6038ec564482139bb5a39f93194a8ca31db5636a4d29a6f43d4604b886ada8950eaba4eaf5ee3003b4483500f6b47cdff006fac95ecbdae7aaabc6e589111369cc299448241700117bc1644fce1c06de0c46dadee2536757908c69d37f1541acdcd2525d6e1b60e256428a96542800353bcfae116988467435ac41d4105e21ecd95965a7790e79989c0c7d651a71853514789566e536ca8fa321530a261ca4d95741fe61a797283e3b61c85a91227252a051d45b65293a042c55adc38442e90628a10a524254455947296259d277b917866c8dae664a96b5a494254080e094281a807716b1f9c5359c026ed92b31dd12c5e14be197ed517f66b6ccdf8745734b1e0616c4e96645e42a549582ca42fdd27717b1e6018f4e44f44d48284e749d7dd00ee7b83c1a2a36df46654f4b4e40581650eacc4f258ab70b7083aa7a1ddad87c174952a002d394ef1549f88f18b25e39042750ba684318f31c4f4731984eb6197ede50ff2d7ef81c058ff00491c8c4dd81d2191315916b3869aec5135c249dc17607828030aed6c6d27a37dfba70ffe8cbfec4fca1446f68bfbf2ff00ba143b93633c9312652a2203074186265920c192622ca55224030082831e55d38465c64de3955de84bf8bc7a9031e6dfb424362c1fbd2d27c549f845476737297c8bdcc6014a5b744bc1637d9ad0b01f2dc70b79442550c773439453d9951af3a4db5e558d2ed5d908c423e918662a355a07da3a903456f1af9e4f369af28b4d97b5178799993549f793a11f03c62f76a6cb462a5fd230ed9fed26d9dae08d17e7e319a6e387a35718d55d96fca31aa30358822810588622841a104684431422cc91b3d9788cf292ad5abcc50c693a283eb17fcbf11187d8f8909406b1151f8ac5b9b03da634dd16c5e6c501c15ff127e11cca2d543dd54e52a1dbed7373ecc474238c2cd0e52833920017263a6738c23da4ec8f3a317276431407186cb019ebac16564507f68068c4472764421c1ced76397c0fc2317c9a7d7b2775f6345427dbadb22098f31c16cfc4cc5e342310b9192690a00965e72a6040aea2a38c6d76a6d9225ab2a02090c1449243d1c718cafece768898b9a89859731052b36eb4b2a2fcf2ad67fa22615a35e0dc563ee5ba72a52b4bf8311b2b62cdc42d694654a50596b516426ad7d4d2d1b6d9bd1dc3494baa629730375824e50417eaa7b1aa4d1e23c9cb873230a93994b5294b57de21254a5769603803166f1e772399513f970bc7dfc1db4b8f16b3b276c112b0c99a942dc2d65694e509ca480328512c45035a2db63615412662cfd64caa98be51f65093c35de63346341d1f984cb50360aa7746bc3e5ce73e92cfdccb93c78c63da24f59edac46c4add2dd9059aaf188b317ebe71ea33891513643122b77dfe3db00ca5dc7a37b459cf26ce06aee2228454da8ff134318ca26ca44642d69145149dee6b0744f52c80b505352a06fadb94725ca7d2838dbb20b2d20160357b466a8c5c949a57f52dd495ad72ea5e204715892f7688209f5e3ca1c54e23ace7b141d3098ea40edf3fca2d7a1986fa998e032d66fa80848f378cef49e63cc487761b9afc3b235fd1e97970c8e3995dea24783466b322a5888e299b865fb4924947da41a86fc4351c6e235bb236c4bc427abd5581d649b8e2378e314b9b8c512f0aa1314659caa49cc00a5f71d22da223237789c2825d343e07e518ae96e0b0eb42ccd9614b085a9241095f5068a70e2a295e5169b33a4f9ba93592bb663404f11f64f8443dab844e27323d9ad491f6c3a0a0ea52aec148ceed61969793c9be849fbebff68fff0070a36fff00472bfee26faed8501772fc4190a8043d2628c9963875449498af94b6313506188383182fda3a3eb252b7a143b95f9c6ed26313fb48ff002392ff00f4871d98f27f6dfe0f3c58d20460f384062ce18882a256ccda2b91333a0d3ed27450f81e311088e28426afb2e32717746b76960118c97ede43099f6936cc468adcae3af718c6ad2412082082c41a1045c11a44cd9d8f5c85e741e63450dc7e71a2da184978c97eda5309a28a06999becaf71dcaf85b2fa70f4755954578efcaf533db3d742234dd17987e928aef1e04466705254952829247304541a88b7d9134a26056a9208e60823ca13fa8f7389d9f1945fa347a80078fc2198c534b00dca9db800df28968582011a871da1e29b0d8b56270e89d90a0bafaae14728514bb8fe5ac70fea8e5f031eaae7270d2f8b90a95b1a50ef814f9a49aa8f224c46c76232241157204566231e740d1e351ece0e37c33d5924a49db233a41354328420acd4338480fa926dac63b04b54ada0c9514e75254923792ca1c5fae3faa35ca9a260584281506700d46ac6bada325b7a5ab305a1c2e5a828037fc42ba8201e20c7adc093f86e9b6935a5e7270f32094d492c3f26c44a939bda19615340294aca95d5497b22cf535bd613c57276a21aab4bb07a8bb562bd7b781395092a5694f4638551a93c671ea747c4847cecbf529a2dfa3b8a42a5ac2083957522b52906f187c461713350a74b800ab20aa94c1f2848773c1e359d18c3fb0c44c90587f87c3ad85b325250b6ed8f43854145f6ba7e307272aab71eb62ee64c6fd38c06629cdbd6b0f9e684b40d60de3d3389035fa6ae9022cec38f07e558766167e10c572d6df1e7125032097a56de8f743a5d00dd6edf8c396802b57235d75b6861a9470602cc35dfe702401d0f4dc3d308607bbdcf74754297ee78e2471a8beb14231fd215bcc59fbade15f8c6a70d839e896899869e99a85a12ac8bf74b804842d354f220c6431033cc5a7ef2c27bc84c6d3048326616fe0ac92a1fe9ac9aa923eea8bb8d0d7522335b6cb96922460f6da14b089a932261a04cc60951fc133dd577bc4ac40299e9243674915e15f943f1f8404142d295a54016500a4a86f1a4532f0ab909070eb7403fc19aeb963f915efcbec2dc234c99d9167b5b672264b74b257a29bb8286b19dd9bd265ca2113559d028e2aa472fbc385fca2463fa46b43a66e1d728e421242b3a0a9a9d70051f7d78466315b3bd94b3308ce89a8cc1a8a42853ce9c418896560b8ab6cdf7fd4186ff005d3dcaf9428f25fa49fb8b8511f31768fa9eb663a0c34c7446a62c3a151648348a841ac59c9552011212633bd35d90b9d282d0e572c2ba82a5492cec378605b5af08d024c101813b0a71538b8b3c2e6888ca8f5edbfd16938939dca267df480737f3a7ed73a1e3186db3d0cc4c842d6e8992d152a496501bca540770262bb5ce274251fba3351c5084aa5e18563788a23abf418a89381c6ae4ac2d0798d1437186af0cb09cc50a09de5240adaacd00544b572e2da77469f1f889731299c90ca232a86a373ef14a188586c400a1159865dc3dd9a340ad8a0ca0b425d6522c6e45e967fca32945c7d8fa0e3f297c349ed9e8182c5112d14ae44ffc469153b0b18512e6205e5e26601fcaa57b46e442e39b0f1c5725d608295656d68033b8b878ad13f262f1029d7548587b7587b35371a08cf91172a4d47c9cb04a3573ea68768e1d3312e85246b954a0920eb7b88acfdd43edce401ae5256aec00378c482aa404aa3e6549c308f6546eb2c6e170386944a90998a51772a504bb97b078162fd8a9ff00c3a0beab2a59f130f2b88d31717da6e5daf91748dac5027a3e92aeb2ba999d80aff2bee8b5c3611080c8404f2bf69d61e571df691d33ad526acd98aa718e9165b1ff00880ee8762a7e5da728bff124ad07fa48588a899b491286651ec173c040363629789c67b750ca8969212371506038962498f43f4eba8b4d62f7b9c7cb4bb277f06ce71ea9e5f081b72fd238a34e3c2df940c2bc7856b48f48e31eb03759cb1dfe8de05356da97f5a6eb77c7544ef6e20e90dca0920ea2b77a708407352483ad5eff00284951e4dbf7738e83a56bd94a38e1be3a149009b0ee7a794003942c417e7f3e7019ea010a2e680f276a061eab04ce588a3f1a0bebbad1076acc0992bdf94b56d6bc0067762a33cf1477505771cdf08dacb5558d8bb8bde32bd15c2ad739610a5254896560a0b2baa5292d42fef58dedac68118d5a7f8b2f38fbf2404aff00ae51eaabfa08e5111762e592db018a4a409134fd593f56b3fe5a8fd851fba743a5b97369e1d48cc950623d38de2246cac3e1b128204d0bfbc91d550e0b4286649ec843679953c4a9f31465ac6594b35a81496b27dd535b4238d22ee458cc749277d4245f3903b137f168c862714b58282a3952ec34e31ace9cc912a7a250512108cc5f7a89a772477c6270ea70a88932d200d0a1d915b8f7476019eb0b10a08b4c0cc5199d444ec32a2126244930c09e9305101498208091c0c0f1b8513652e59b2d0a4f7867874101a4228f9ff1f29485a90a7052482371058888084d5e363d35c38334cc1f6c92798f98f231902237bdf266b183d17a3cb4cdc2042c660c50a1bc5ebba319b570bece6ad041649a6f621d2fd8445ef43312c0a37b907930f27ee81f4ce4b4e42f45a18ff320b1f02983cfb8bc19c966bcef1bee8d4fcf29493a11d879e9411818d9744aa85f349f3825f4b411da3552a60500859015f657a1dc15f3d2323d2b4ae54f4ccca5b2842c6e2159927e237b718d0cc23e37e11dc42113e5fb2984660190b366d12bde38e9e11ccf18f06eb3ee5761b6cc99806458cc6e93d55771bc19734072481ce9192dafb1e54b5942a66450ba15d6502cf402e0dc1d6958840258312482eea00e96abbf28f265c283778b7ecd1e8c39524acd2fc33593b6aca14ce97dc0b9ee115d89dba800e50a347b306ed8a226c012c1db467b81ce3992d48d61c182db6c89f2a4f490699d2059f751e66049da38859156af011cf66fc20f270c6f6d3b3e11d71a14e3a48e67566f6c263f00a12ccd5af333755dcb121eac2bc1a351d149b9a51eaa5290a0121342d943953d5c978a15a5d210785397af18d36ca94108609f4c1cc6f149611949df2cb72aa5b53e9e388551f7f85291c166ab8a8e7ce008a351f98dcff9c59249510de3bad4a43433923cf98a43477f0aef8786601eff003f9c0025017d05f95ec2d1c248140f4b58d681cb8109443b9f072f5f5e71c42b40f46e02ff002840712281c073a5c1a78c55748667d41a119886e4ff009c5adcb77d87a3a79c67fa513bead09dea7f081e816ce74702d333daca2d31194a1e80fbd990afc2a0329e60dc08d4e30a5694ce969ca9592e9b142eb99246841491cc1d1a293a3187cf2fa852a5bb94057d6650960422e454d9ed16f85c4946742d204b98c1799dd2a70133385839e474888e8a7b02ac32167310ca4d94939569e4b0c4448c562717ec8cb2513d07de4cc1966368cb4b07170a6079c767e1d72d650b0cc7b08d1439c071d8a2896b5bfba924712df38b6499ae91ed95cd94844c4f5e5e64e757f11492d952a3ab31aeaefbdf3db2d056bc82ea603b4b449da2b2a0e4b9203f606891d0692178d4a0a42ba8b504a95902940506616df636b4432f46dbf772370eff00ca145afd0e67fdae23fddc3fce1455d08444014224980a84048c4183a2238bc484c302720c14188d24d20e0d20247668a7c4edbba426950e4f602dba24ed0c4e44bee04fc04671441a90785bc7ba01a2bf6de142a42d81252029b5ea9734e4fdf1e7cb4877d23d4924b54303a51c0ab03f96f8c4eded80a42f321b228d03fba4d72f9f74691962cc52473a2b97db29d4a00214e407660f6e598c5af4a71329721391798a563ec90402953d4f16887d15c2944e4106b9838674a81a65238bb3c687a612109c34c0d5490c40b90a0c001bc03df0764e41d5a479e88d6f44a621285e75e4a801c3b90ff977c64f568dbf45e423d8b14a4a9f31cc1e86d46d729eee3152d111d968a9f295fe7a436f1ac475897a4e46ff0045e2c8e16535508e3d51f2817d0a5bff000d35b75523bbc232b1aa2bf1d83958a4a50b5a3daa07d5cc4976afb8b6a941bf0771a834b37a38b41295cc4254342a6bd88de38c6a86ce94f442411a8a117b57843d52d0a644e4820510b21ca5feca9b4f4233714bd8b52323fb8546bed657f77c8410ec15582e59ddd7a79469e6ec8969a140de189a8df7aefe51c3b2e56880fccb1f186a285d99994ec659a664761f890d1d97b196efd5feebb7918d10d9f280729b5eaa1aee862b67a1c0c9a6f2ef7b72f843ea2b9512b66ac7bc12c2d5d06fdff945de1f0eb0c0e514d0f908e2366a3710799e5ac3d3b3d143d6ef610d21364a44b591c683deef86092bb10ee7420f3d63a9c0a2b550dd51f2d23bf430d452bbc7ca180972d5f75c335c4304a5518506eabdbba1e7082bd7577b69bda0c941eea177ab718001096a1421c3b51a9cb7c084953eb47bf9780896a3615b695b8863f87c490e3e7000154a55f2970297ad6bc6c3c632bd2a490b424ee26cdca9ca3619a977e17277d1eb185e96e23fc430d123771dd4d2265a1c766830bb282b05875bd1454eaa3a5685a814850aa4b015bd0c59489f39821453390465cb38b2c021bab393d61afbc0c2e8ccccb2fd82e889c8487fb939281955c332431e2948fb51d5f5545e8a49b13662fa7af8a5e80c9bb2e6fd25065329332507979c82a520375730a28a5d9f50d6ac673a458a064800be65849622c0b904731e31609594cccc82ca42f321439d1f7822846e88dd2cd9a89c118b94960a5ff88403444c1f69ad52073241d61e8118ec555446e11acfd9c747a56264e24add2b0a97eca6268b96a4e756741d2a438d406318f4ab32d7dbe148f4ae819385c3cb5ad24226b9cc2a3eb3ac976d46501b4cd10b65cb4587ee8db3ff007786ff006cc28d3fef993f7c778851764419a261a4475e140200a158326d0c588722d0c09387302da58ac92d44162180d2e77e948ecb5b4516d5c493ab02546ed60c3e30123578a27de513a6f17df6d7ca192d757201bd1839a71e4602a9a46b46b1dfa9ac713337867a6f00d0335acc3b61944af6d5d2af561bae20f3b0cf2c02949a1a28021cda8d70c203b3a52553093eea002773bd056d57df68b0981c6635dcce74b8615896345305a30c339420949eab003ad6d0072f6b8a3c1148f6d240997590a7142140b8e14a45374826669e847d9425ceecd617ed3db169879cc9ae8069e63be08a06cce23622cabf826f7c94e6ed1b5d8fb2512e5852812a984bb9d12030005854f8c2c0c84977206616347ad1dfb2b17270ad2c90f436ab116b13c6126ef91cad6c118619176aeacffac74e111a6ede4f21582246fbb72b521ca274b9ecd2343323a70a8e3e3bf58e2b0808cb56377dd783e7d5fe5687136e46015cad52723256e65bf5577521f457031255834b3396671621b813be0eb43862011c598bf9fe91052a32685d528d8dca09a768f5788fa7d8abdfdc21c28363af0f28e0c126d9b8c170d8942c152169565514963404163e4f0f040b91a387f1f01162b80fa16f51f00c7877f8477e8a2f989f2d2f482a26a54484a924805d88278d01e51d557e346802e091851a1f07afa31d44804decfa7adf0501bce81b8968e848b7c2febd340007d91de29c3ba19ec8e8a0c3870fd60e557fcb9bb7ab4249ecbddb77aee8077008c31d081d9bb5f5be0665b900914a579feb1312c7731153bf844598aab0f40184305365e8483f9faf08c66d5d813a64ece148ca59dca81a0ab8cbce362260ab0d09f96bd9db1054eece5249a01d635377dd5b70109a04c8b8b4aca1e5ad21418f58298652370707f2899d2144d5e1a5e264e5fb93d2a7a2ec163500ff00f3c623a2412a3bceba3b5d8d03574d445a6c4c5a10b32660fab9ee856ecd5653e9cf4e7086526cc5af28cec54054076dd4788533682c99e97641092a0198943e504706f189d8d94ac34d5cb5a263a09198214a49174a926b7047791155b40a04a5a9008331401719496e1d861bd02d99fd9c0a96522e69da4c7a16124994e64a9729410e72fb8b66273cb502857541ab3c63ba1b841331e89656119b3904eaa4a4a9206fa81d8f1ab998e44b98a973159148565502f4d0dc598bd295884530ff00bde7fddc2fff00cfff00e90a2bbda1ff005478c762ec49ab061c2060c3d26011c508615b0822a2bf1f3f2903b60022633682f394a4b0b69bb8f1a52202a6a955f309340491a50f6181ad6c4f1aaa86ec5d4ef4e7090a0ce473a0d685be5f1860156bb1e4f417e7a5e23ad4a76b6b61707771bf6c38af4a7e12e29c09bdbca033265dada71a0edd2d0803cac5cc4b80a67b8649b0a02086d5fb605331f34d73ff00e2815074a69e621856ede0ec43b3b340fda0dde63dde26d6b0e30863f202b2b507516735bdf42da6e822a69ca521871e7cf581a52f503817a01426801bbbda95d20b290006363425c30a8b35ea3c5a1806c1e3960305d5d851156e2dcb75845be136c4c62927aa684948a8218971623e114694a5d26a5ae01d1cd6a4f756fdf67865005ddceea0bd06bc3ca04265e4bc413bb8efedafa687226e9407d5a20815a77116ae9e3dfa448422953afc2edead1449215329e84750be277f80b77c094294f3e3fad23af4b69fab57ca010546f864ccaa494a802082083504588221296fa063db4bfcbbe23e27125285a807521248b54e5258eed218182c524ecec62bd8afa8a0f90b9091f75435de0ddb8de3748b18573029399695b294f501d80b0602be0222ad6a98aceb2566b556b5f7be42cd1c5e15652c56c18966ab9af589d3e11eb53a4a31b259f539252bcaedfe06a31abc3a913108005dd219437871db1b0e8ef489732604ad482850ea90928503b94ce0f8466249052ca14146d7d71e510d0af64b2904b1eb0fcbd6f8aa94a32debf942536b5bff00a7ac60f172e6273a1695a77a483f98b1a4484f3b7a631e7dd1bdae13894a54a094ac105cb1a860fbabaf16d637a162e5987cdf5f45e3cbaf4be1cac9dd1d309765761142bb9f87cbb2189a8a6fbfaa4712a1a71ed6e7d90df13ad4579c6468110b61b9c7eb5ef889345aa35d786f37ad21d31469573af03df7edd21298efa76de8c3510001328d6a9ad5dc8a36b47bfad2224f946ee38dea00601a875312d6187c4ded535beed2d0d51dd566f98a91d956b9843446c8731048aeeadc6e22962375440e749529d88a5bac37d459cc4925869a5eac7b9fb218b35bf3249dfa966d7c210cd8f473691992f2a8f5d000555f91f06e6931e67d3dc667c5a87e257fe20207918d16ce5ae5cc2b41232a55998d5481520710066fe93be301b56715620be8c3b59cf89312f08a8ecb0e8dec6f6b86c5cdb2a584196b1ef21685e72a49d08094f7c5f007684933ca51f489002262122ab0038587d0d48ed1a45cf4270013b38823f8c56a3c8f50782477c546c7d9f8dc2cdf6bec81481d7095a4e646a1ae7786dd05b18176cb28bd9a7ef8ee5428de7fd41b3bee0ff6c4282efd000830449808302c64eca83dd1423b8ec7a258199cbd983c51e3f1a16a7078070fe1aee88b8fc4e7986c42404ebdafdeaeee71016414d775c10d5e21acf005894662737d973b86f2de871879502abeeabf1637bdd9e214958be9a3bb382457d69044120d851e8399f066ef105c76252d029560036bcacc606b4053da875b69a9a83c2bdb0c60cc2f52f5e028473ef78ea81d58901c696b03bea3ba15c6709748eb7724bf96e86043b070dc7c3f5e70d5249bf7d4d038d4e8f68591c9a3a9c03a51df7bbb8ee0d0004429c800d6a5ff0036b416449706973bdb716ec7f5a881a0601f4b3b310087e421050ca5a85e9c78dedf3804190aa3020d492ec28f7e54e17113b0a6b74d3524396b55f85ad10650717614342e5df40dc40dfa41e5731ae8e050301ad07fca189976898081d619b98d41b4582006a574a33b562825aa8e9b6bcdaacdda7b7845ce1d5d503e57e035fca284c948141bbb8f1f42381ecde56d3d34701addfb58d374390be02afdefc3580938b6dddc3d6be462936faa67b05fb34289218009abaa8e00dce4f645e6e6f54d5ef1d45eb4e5a0ab5f85204ecc0f22184c4e508fa34e090903dc59eb0df4b7ce1d265e2030561e69e265ad88e65378f5ccbbeae78372f8c381d1fb77f36148e95ca9a21d38b3c89489a19464ccdc464592dbd9bd563b8b92a042bd92c822e94a891d8dc63d689617f1e5f9c30aaa2bbfc9dfce2ffac97a13f051e398bc12d595484a9ff9541b8d9ff568f51e8f2d47092f3395040bbbd186b76dff0038b42a240777bf6c356a7153eaa68d5fd239ead57377d1718f5563814fde6fdd0c6a03bedbfb779833eeaf3f5e9a1a45435ad6de5ad1996012a64f0147b9d6c7843065761c5f7773d6beb583ac87edf3ad77c0a6ac063a10ef42cfcfe3ba000547d0d37ee2d66a72e30c14a9001ddcabbe86808ed874c5e62328003d4e50410c6e59a878409530b386abd580bb306dc7b610099c9146abddd8ee2ee08634681a52c48048e2c7baf4e5a477316fb3bc75436ae379814c5a525c2507501c8047bb40fe5480a16267b0531ab36ea170411a50c79a231b9e71fc6b2dda691b8e90e28a64ac8094b268c54e4b3070491722d1e7db250b188965080a5216958492c1590e7ca4e8f95bb6224544fa070527d9c944b1f61094f7000c3cae1985c5a27ca44e965d0b4850de1ee08d082e08de0c39a2d3ba3278647fa2a3ee27fb442890d1d86067c18a9db734b0e26142892ca052c81c58926cec4062dce12d4ca50ab25ce8e6d72dea9ba3b0a019c96b2a049b83dee01f5be08b537176ff00c8fc1e1428431efd53c81ef2691d42a837d6bc41097f17e0d1d8500119133ac068490ce68d96d0924bb12fa77b2bf2850a001b314c45cb16bf035f01079730a8289fb2a01b434ccf0a14020c26d03067637d431edb44a144539d86e2775e97850a1889587a81b9ad5d0b33bc58ca77673e9a1428a1325a14e7c3c1de1e03f6b79fe50a14020c90cc38fcead0242a8fc4f80fcbc63b0a01090ab9e0fe7083d439bfa30a1400352b6ece5bc8dd0ebb72bf63c28500ce20f5bb843536ad5801bb5bf0850a010f452bf8bd79430abc3e15850a018c559c53c743f2814c590786837390214280012c822cd404f1cc72f857bda053166da122f56620fc21428006290e977a87af7c066558efa787e70a14228a1e969690df7881cae69fda2293a289faf2ad5282476a929f27ef850a25ec6b46c7a038b5227ce91796e5491f75d4525b9d0f37df1bc30a1411f244c50a1428a20fffd9);
INSERT INTO `posts` (`post_id`, `post_usr`, `post_addr`, `post_txt`, `post_img`) VALUES
(31, 0, 'Via del Corso 22', 'ASCENSORE ROTTO, contattata l\' azienda per le riparazioni dovrebbero arrivare lunedi', 0xffd8ffe000104a46494600010100000100010000ffdb0084000a07081410101111111414100f1111111110101110181011100e17131918171317171a202d231a1c281d1717243524283a3c3332321922383d38313c2c33332f010b0b0b0f0e0f1c11111c312322282f3c313233313131313131312f322f332f2f2f31312f31313131313133313131313131312f3131342f2f31312f2f2f313131ffc000110800c600fe03012200021101031101ffc4001b00000105010100000000000000000000000001020304050607ffc4004b1000020102030208060f060505010000000102000311041221053113224151617191b11623547293d206143233526273818292a2b2b3c1d1244244a1c2f015255374c343638384e134ffc4001a010100030101010000000000000000000000010204030506ffc4002f110002010203060504020300000000000000010203110412210531516171811341a1b1c18291d1f072e1142252ffda000c03010002110311003f00eaa1199a2e6803a111758b6801085a2369005846e6867803a11b9e01a00e846e6867803a11b9e2de00b08d2d133c01f088ad71dbdf16f002113346b54b401f09170b0e16012c241c37446fb60f30805984aded93cc227b68f30805a84a6d8b2390469c69f823b4c02f425038e6f823f9c69c7b7c11fce01a3099e31edf047f389edf6f823b4c02ec2208b68048916220d23a00d279f48d7a82dbc76c662c5d08e91334a40344d41ce3b630b8e71db33888e5805e0e39c76c7071ce3b666e2f10d4e954a88a5de9d3675417bbb0170a2dcf39ea7ecb313c133fb4d83a916a6784ccda8171c5e9bfcd043763b3350738ed8d350738ed86ceae6a52a55197837a94a9bb533bd199012baf3136f9a5fa70499e2a0d351dbd11dc28e71db35008f0201919efba3498eadeedfcf6ef8c3041221d3b7be0cf189bbb7be475d6f6f9cc124dc20e71db1ad5069a8dfcfd065329184402e70839c76c4ce39c76cacb2b6d7c73e1e83d5a74cd6752a0525bddaec013a02741ac034b38e71db182a0e71cbcbd33923ecc314a148c0b92c05c5aa71753bf89d03b677a864260cfce39c76c338e71db3629c940920c0765e71db12d3a3559cf5bbcf7c019962658f840054d219248a34116d00b997abb62d8f476c7404102a5f9bf9c5d7a3b60bcbd71d0083117cbf3fe5333118b08e538246b65018d47058f068cda01f1a6b55170074fe4664d54bd761cc47e15182467b689ff00a09e96afe901893e4ebe96afe934528c9968880650c591fc3afa4abfa41b6995b5f0e35dde32a9ddf466b702256c652e353fa5f9402aaed761fc37daabeac78db6e3f86fb553f496d294956908051ff1fa9e4bf6aa7e92deccdb0d5eb1a4d4852b532f7ccc5ad700581f9e4a28895f0896c7ff00ea8fc43006e23df2a79edcbd323b9fecc9b13ef953cf6ef914100add1cfcbd31ac6fd87bc4745a6b76fa27bc41252ab8c01d94524203385bd5a972aaecb7361f14c4f6c9ff00417d2d5fd23929deb54f3eafe3549a0942019c3127c9d7d2d5fd228c591fc3afa4abfa4d55a223b81100c83b4ca9b7b5c5ed7b67aa74fab245daec3f86fb557d5936252d547983bcc9954402a8db6e3f85fb553f48f1b7ea792fdaa9fa4bab4c470a22009b2369b621aa2b53148d3c97e3316bb5cd883d1699b94ff33cbd32f6c64b62b163e43f0e55b6feb3df008f29e8ed8b94f476c7c200d5bdbffb175fecc17745805e844bc034103d62c62b77c5cd240ede475fe466732fed353ce1f874a68533c65eb3f74ca44818aab7207185ae7fedd2956d2de4a341124812390691e0490479654c72f1a9fd3fe99a1694f1a38f4fe9ff004c015124aa91ca9255480461252a0bfe623fdaff00c8669849429aff00992ffb5ff91a01062d7c654f3da40564f8d36ad547c7690de00d0b25c22f1fe8377ac66693605af53e8377ac02a6156f56afca55fc5a9355126760878dadf2b57f15e6b2ac010245cb240b1c16018bb416d597e4c7de324a422ed35f1cbf263ef18fa090099124ca91d4d24c12019bb257f6cc5f550fc31281de7acf7cd3d94bfb762faa87e18998dbcf9cddf00211217800b16f1abba2c034881cc3b22587308e84023b6a74e5e6e88a5473453bcf5fe51b040ea638ebd67ee99cdfb24c3d47c4de8920ab92c0315b8346981bbb8ce9298e3af5ff004995f2df175be87e1d39ceb525560e0fccbc6595dcced835f102e9589390280d940150fc2b8e5d35ebe4e5ba9ec8e8e6747ce0a35452ca330bd30e49d35dc8dbb974dfbf58e194f25baa56c46c8a753dd223efd596cda820f186bca678cf018ba5272a33d382d12fa5a717e9d8efe2c25bd7efb93e17194aa8bd2a94df52328366b862a458eba1047cd198c5e3d3fa7fd332713ec7d09cca5e9b062da81569b5c1bab8d0904907e6977693ba61c2e1acf55400a80aa365553b95ac3900b748e4957b471941a556175c5acb6eb2578fa2e842a7096e7fbdcd35592aace6286d8c5070a70f51f5cac51082092d6241be960a49e4ce398db770d8d27df13836b5ca33a9702e4039549d0d8f2cdb0dab41a59ef0eb6b7dd37f051d19796a5c0b33a98ff334ff006bff00234a3b4fd94d3a375b5dc33291bace158806faea5728b03724726b2bfb17da8d8bc796752a56895507969e76ca6e3a8e9c93453c653ab35185df3b34bd6cdf64caba6d2bb2d63d7c7d5f94695ec25bc7a935eb00093c236e1795985b7dc75e935141a0754b1801e33e8377ac81109dc09b730bcb1b3fdf7e8377ac022c00f1d5be5aafe23cda44993b3878faff002d57f11e6ea2c01b92284928133b198d2ae554d80d3e78041b4a9f8d53f13fa8c928a4e7f6ced0a82b52cada64371607f7a696ceda0c6c1c0eb100daa6926090a3622e2580b00c6d94bfb7e2fcda1f862633af19bce6ef9d06cb5fdbf15e6d1fc35984fee9bce6ef3008b2c328e88f890011458683b22e51fd882ee11601a623a3403d1d9020f47640233bcf5fe51206f73d7cdd1135fec4103e97bb5ebfc8c8507ed95baa9fe1d39350f7c4ebfe93307d90e32b50c65e88cc1b2abf14920f054cab687768c3e909cab5554a0e6fcbf291784733b1d95ad20af8aa74c5ddd698d35760a352146a7a481f389ceec8dacd88cfc22e564c9a024371813a83bb4034e9079666553836ab573be2148a9511d6e8c8053424e5245c290846fd180dc759e1d5db157338c60a36fa9fa35f3c8d1e024aedfc1d255f6434015556351dec11505b3936dc4f58e992ed6aceb456ae1e92d77cd4c2dd0d4391d80cca3e71aee0353a0333702980b31cd4dae5f39c429dea723e8fc51b8dec394f399b413370451c1a597408f642a40cb603422dba6675aae21acd88505c24f2f6b251d3eab939545691bfafe7d8c3ad431f5ceb50515b8d090014ccda655e30e2e5d7908e506d2deccd86f87370ece0a95c86e00f73adc9bb1194ea45f8dd64f468b6ddfc84927a547655192d659b8e5b25e9777fa8e4eac9795ba9c76d4d8b519dde98a28cc0026ad12ed9ad9492d98a91942e96fdd22fae8ef62946b263cad7b7bd78bb58e64b5cb5c7c6245be2df9675d32d140da89616fd9bfade68a1b3a142aa9c5f67676e8f7af5ec44aab92b3286d46b55c47bad4b8e26ae45c68bd2777e9be5666d75d08d2d7bdba2e09bcb3b46fc3d6f9469508eaec9e81c852fc520663764165d0b71b712770e7371a5f5967006f57e8b77acac2f2d6cc1e37e8377ac00d9a3c7e23e5eafe234de4130f660f1f88f97abf88d37e8880478bac292663bce8a3a67275f1176279499adb62a977206e5d04c7144de01531144d4a94cf306ef13a0d9782dd78983c28241eb9bb86a7622000a5908e63de24c0c368d71c441bc1cc7a39a468d00a5b2ff00fdf8af368fdc59cfd43c66f39bbccded94dfe618bf328fdc59cfd4f74de737798017897882fd1d9135e8803d3708e912b1b7247663d100d7bc4bc4840184ea7aff0028d260779ebfca100930fef89d67ee995ab5356c7560dcd4ade8d25ac30f189e71fba6735ecaf12b4b18e4f084d96c94f2dded4e91b71b4be96f9cce189965a52965cdcb8ea8b415e56dc754700a7710254adb0d1b534e9b1b937ca2f73bcdc6b7373db2b7b1fc72d7525492a02901989255af6241000d55b7735f4bda36a7b22aa19d29d0bbab3531c5670cead949e400660ca2e45cda7872c5e165271745e65fc57bc91a324d2d25ee3711b092e0e56465399591cdc3e52a1acc083bef63a5c0bc7ed45e1b0e70b99d0baaae723392aacb9813706e40b5fa6f06dad8c2e02d0f17621d968392bc504545bfba16be80137207219a5b42b55f6b86a202e208a6423954b662035f37c104b7d1b4c15b1187cd1cb177be9feeb4ddfc8b4632d7539f3b3f14ac5a9d6245f4019d34badc11a83a2daffacb9b2aa6396a65ad9da98cc55aca559480406b2dee09ca2c46e24de42f53177bbd7a74800728388a776d4905adb8ef1a6eba9b9b189b2b1669d4cd57154ebd3cd53fead4765522f9400b95f8da5f90281a92666a96b3b28df96ad746a31b178eff00dfc9a989da7894a99568e6a76073dc2ea6da6a7ae47b1b1cf5f1ead5138265c395b671501199c8d47f7acc6da5569e2ab3352ad50280ab9461dc5aaab306705ec0e8100f349e593fb11c22d0c61517d689372b93e1725cf2de7b1b2a551d48e694b76e79edbbceef2fa7d8e5592caffa3531e7c755f94695a4f8cf7dabe7b4827d19942d2d6cb1e37e8377acaa0cb7b2bdfbff001b77ac00d943c7e27fdc55fbe66fa1b027a0cc2d93efd8aff7157ef99b9c87a440329e85cc60c2cd5e0a31ac37e9d7a4a4ea420af3692e6d2f72526f710e196cc074196713891487c6e412854aaeaf744cfa5859977f6ccfa95d8d422a021b9413bafba56188a537684d3e8d325c64b7a2fd272cd98ea4eb34696e99f879a34f74ea54cfd987f6fc5f9947ee24c1a878cde7377cdbc01fdbb17e651fb8930d8eade7377c010185e36100729d2178c5316f00d82e39c76c0b0e71db1225a00ccc2e751bff0028661cf140df14c024c2b0e153ce3f74ca18bc2d3ad8fae2a00c17832b985ec7834179770ed6743d3fd2667625ff006eafd54ff0d256708cd6592ba09d8d9a78445f70725ed7ca00bdb75e56c76cfe16d7ad58581164aef4ee0daf70a4736fde35b5ae6369be636075b5f7f273ccec7ed82950d1a485eb8cda1b93942921d400730be4ea0d7b13653e2e25ece8b71c8a525ff3e5d5e8973def91a22aabd5bb2e7f828e3363b53e37b66a0b02b9ead46ba03945f35edfba3e7eb334b63537cac313c660c00be474200f7496d4037fded74dc39736a612a3b87c4562194dd129eac0061a14f700e9a31dd7ddbc1b899c8a6809550a173937a8d940172c00d7aa79bfe3d6c469495971d74e8ec9beb6b747bfae78c77fef632f195b098acc95455a46dba95453c25ca28bd37df73506edfd7a49766ecaa0a33d1c42d50ea1bc693498a6ac058f3063f9eb79b2f82b81988a96dd9c5c8ea6df33abec840eae03215cda29cc87310492a7974d0f25cefdd344b0389a4acaf6e17ccbbdecfb2651548b36b0f45697bb4b79a34ed8b87aaad8f19370c29fbcf32b6ae2ab154e01acc1c17170a4a5c5c0cda1d2fd91bec771552a62df865cacb408072e5cc2ed7ebb1b8ece79b767e2aa4a4a9ce0a3f74f4e4d5eddcad5824ae9dcd2c4b78ca9e7b4889125abeedfce6ef8cb4f64ce4771cf2e6c83e3bff1b77acac04b3b3dad57e8377ac01365550b5f157f28abf7ccda38a59ca61dfc7e23e5eafe234be5cc0352ae2c724a98baea00e11b28e4d6dca077903e712a52b975ebbf66b1fb4d55822e457aaec569075ccaa77b54207eea817e4b90a2e0913c1daf5e50ad4d464d349bd39e9f0d74b9aa84538b6cab4a9619abab2d426b66baae761764e31e29df6d0f511cf1fb55b2d546e560431e7b6e8fc261d12b32b2a1a807094aa840acc84646ddfbc09b12391d245b6c7bd9e96efb7e730e13133962e0e526fcb57d7fae8d723ace2bc37a17b0b5f413452be930b08d2f7093ead1804d9f52f8cc59f8b47ee24c766173d67be5ed94ff00b4e30fc8fdc4944ef3d67be481a5873c4b88e8978022916df0cdd3fce0217806c45bc94d24f83f68c69a49cdf68c0221cbd7068f34d3e0fdb31a5139bed980341b153d3f919cb6dfc45518b71445d9956f7f73a53a605dbf777efb1dd3a7ac82dc5d1afa12c4ff0029cd62b66b57c4d62e78a053002922e720049ec9cab53f129b8712d1965771fb3054a6fc23552ec4588df75e3590b7302d7e53d3befa85d9c92cc16e0039742545ec09de46a7b4ccd5d8207ef3fd731e3620f8753eb999296cda109666b33e76f6dc5e55a4d58d4a6a8bbad22c55701e9fd2fca51ff051f0ea7d7322abb1c02b66a9cbfbe7a26f4ac7236462445f6c8991fe15f1ea7a4687f84fc7a9e91a48351ea21de048367d8631b2eef6b8edccf281d8ff001ea7a431767e05a8e24e46241a3c6ce4b1f7440b76c8b2de0db63ab79c7be118b4c6b9b524927523961c1aff006c64816f1f41acf7f8a7f291641cdf68c6943719743aef24e900a187aa0623117ff5eafdf69a5c28e71db39d4d98d5ab622a3b117ad52c1588b0bdfe7de659ff0005f8eff5da01d0615817d3907ff2671c7d4155ea252156e1910f08070416a3270646f0c5973374651ae592ec4c0702ced999ae146ac4f293cbf347e3f6850472af4c3d416cde2831d45c6a7a2d3e5f69375318e2a39ac92f9e2b89b68ab534cad5f685536a8f44d2e02f503670d9c0521e95b4f742e07c6286da697f6c2f16ff000739f98107f2957018ec354aa112884a962cac68a2dadcc46a0cb9b44a9a6caec173a5451760a492b6d3a6628a953ad1bc72b4d3b6fe7cce9be2f528613102d2cfb6473ce6307b26a1504bd45079dc83d92c1d8c7fd4a9f5ccfb38ee3ce36b64d4bd7c59e9a3f716404f79ef94b6361de854c42862c0f0678da9b951cbf34ba29adb5173cbc63be58085a25e2954e6fb4630e4e6fb4600a0c2f1bc4e6fb662164e6fb6601d29886f15898c260069ca63485e788444b40172acaa88386aa79f27dd12c8de246a9e31cf3dbba00fb089964816196011e591ba6a3e793e58d606e200dc90c91f080479240b4fc7dffed5bed196a4617c603f16dfccc0029bfae2649211100e78030ac153592d84100bc0286152c6af4d46ef962d16820bbf9e64f90402b8591be1949bd85fcd1fa4b5924050df94f3f1987f20666a94ef36cba7a588930ca18300011ca058f68923806c4ea45ed7d6d0c87a41e4e331d7e73252929e15e49bd49cda1011124fc1c42826c3994a80f1b57a727dd8844b34e980efd36ee88504029b2c694970d3118c900a6d4e46525d649114806f338e78d2d190803af12f121002f053624f3c210077090e1236100767897890802de17890802de3796f161002f08420040421004416bf49bc5bc21005bc48424580916108b008968b0920604d49e78852490804269c69a52c420155a89e6919c39e697a100f1af0b71de52ff5297a90f0b71de52ff5297a9314310411a106e0daf6237693aba383c33f09a2bb620a62e8d15bb15a2481c18c8ca6eacf5d4a837f16ad6b2ebd5d8833bc2dc7794bfd4a5ea43c2ec7794bfa3a7ea4b0b85a74ea1c9483d0346baa622ab977a958e1ea1e0d823e456560400a2f740413985db8bc050a74f10c51559338c2dabb30c452356922e20d9f780e4e9656cc6c388634e0087c2ec7794bfd4a5ea43c2ec7794bfa3a7ea4ea31d4693a556a94e8d0ab530d5d29605fdac4d302a507e12955c3946745457ca1b8c72b005eed2a57d87840cf929d37aabc3fb530dedf0cbb428abd15a788670f75251eb36552b9b83d00ca418bae00c2f0bb1de52ff5297a90f0bb1de52fe8e9fa93576d8a787a587af874a46b0a387a58919f30a05b089950229e306f184d4373992da6f7e3cff7c925581b7e1763bca5fd1d3f521e1763bca5fd1d3f5262424d9036fc2ec7794bfa3a7ea43c2ec7794bfa3a7ea4c48459036fc2ec7794bfa3a7ea43c2ec7794bfa3a7ea4c48459036fc2ec7794bfa3a7ea43c2ec7794bfa3a7ea4c48459036fc2ec7794bfa3a7ea43c2ec7794bfa3a7ea4c48459036fc2ec7794bfa3a7ea43c2ec7794bfa3a7ea4c48459036fc2ec7794bfa3a7ea43c2ec7794bfa3a7ea4c48459036fc2ec7794bfa3a7ea43c2ec7794bfa3a7ea4c43375b61523ef78ba4466232b119ca946a8846a05ca7062c48e3e75b8cbab4037c2ec7794bfa3a7ea43c2ec7794bfa3a7ea45ff0002a62ccd8ba469de97b82a6a32bb22f1573dae335cdcd802a6fa90afabec7901e2e2e85afee4d556607842992f7199ac2e3417b35f2db58d011f85d8ef297f474fd48785d8ef297f474fd4895361a870ab88a594e1e9d5cecea00aa7287a66cda65249275b28d034906c04bdbdb54491c196516b857760dae623328472c3938a2fadc34033c2ec7794bfa3a7ea43c2ec7794bfa3a7ea4b74bd8f5064476c4042c9458d36ab4c32b3df40c0107f707c5bb937cb63156d898750c57169502d32cb95a9e7aec0d3b322e6d071aa2e526f9a9f31e2ae810f85d8ef297f474fd48785d8ef297f474fd493e3761e1e9d3aacb8a0cf4c572a872f1b8372abbbe1119401bf56bdb8b39d93a00884421240b94440210800147308961cd084016d161080108420042108010842004210801084200421080108420042108010b421002d0b421004b45842005a108403ffd9),
(32, 3, 'Via del Viminale 69', 'GAS TERMINATO! arriverà giovedi la ditta per il rifornimento', 0xffd8ffe000104a46494600010100000100010000ffdb0084000906071313121512131216151517171817181718181d1d171a1a1a181a181d181818191d2820181d251b171821312225292b2e2e2e171f3338332d37282d2e2b010a0a0a0e0d0e1b10101b2d261f252d2d2d2d2e2f2d2f2d2d2d2d2d2d2d2d2d2d2d2d2d2d2d2d2d2d2d2d2d2d2d2d2d2d2d2d2d2d2d2d2d2d2d2d2d2d2d2d2d2dffc000110800a3013603012200021101031101ffc4001b00000202030100000000000000000000000405030600010207ffc4004710000201020403050505030a05040300000102110003041221310541510613226171328191a1b1234272c1d1145253243362829293b2d2e1f007151643633473a2d383e2f1ffc4001a010002030101000000000000000000000003040205060100ffc4003e1100010302030408040306060300000000010002110321041231415161710522328191a1b1c11323d1f01433e134425282b2f1436292a2c2e2152453ffda000c03010002110311003f00f6cbe7c2de87e95e7b8835e818b3e07fc2df435e7b883ad54f49feef7fb23d1da81c4f3a5ec35a3f12683035f7fe954a4a642f50ecfd8cb654cfb401a4fdb1fe72dfe13f5ab0f0a1f636ff0002fd2abddb1fe713f0fe66aff1dfb21fe5f64a53fccf1551b834f8fd6a35e753b8ae32d66336a9d0a1ba2bbc227d9c7f4c7d0d6ae0a2304be1feb7e544a06c571cbd430dec2fe11f4a9aa3b3ec8f41f4a92b66157243da83ec7f5bf2aab5dab3f69cea9e87f2aabdeacef487e73bbbd026e976420af0a79d845fb47fc3f9d23b9561ec40f15cfc3f9d07027ff619cfd8a9d5ec156ec2fb0be83e95354386f617f08fa54d5aa1aa4550719edbfe26fad0770d19893e26f53f5a0ae560ea99a8799f5564dd14372823bd1b72858d6bcc375d2bd1bb37a616dfa1ff0011a62403a1f5a5dc113f93db9fddfccd4f7000d327d274f5adbd1fcb6f21e8ab5da955ee31a5d607940f90a5b70d1fc64fdabfafe54b1cd663187e6bb99f54ed3ec8415fa7dd95216ddc27a8a4376acdd948ee6e03cc8fa54ba26f891c8fa2e623b0b77afc12c750be7a6b3ca82b7899943fba08e8576064efd3dd4d96c01232e85b4fdedb58f9d038dc26bde81100a182237047d0fc6b438b9145e46e292a7da0966396441e74aecad33c49a185a8e9b4ee2b23544b558850b8a8d8d4efea3e23f5a16e381f797e23f5a053262174ac172997ed5716d64b262f5e65b4879024962c4f2859f85271717f787c455a3b29815b9716e9266d66ca3912e009f7007e26ae7a2cfcf03814bd7eca178cf044c3f7590182a55a75961ae627a993f0a156addda8b5f6124ece08f98fceaa4db72f8d4fa4a986d631b6ebd44cb561b95aa1dfd47c6b54866465e9d8dfe6dff0b7d0d79e62cd7a07113f6573f09fa579e628eb56dd2a632a5e86d415fa82d2d4b76b5606b54a4a682f53e1c3ecadfe05ff0008aad76c0fdaafe0fcdaacf82d2da7e15fa0aab76c0fdb0ffdb1f56ad1f495b0a7bbd5254bb6ab6f51b574ee2b4e74aca029e5c38a2304345fc5f90a159a89e1e64a8fe97e944a1b571cbd493615d572cc00d6a24be098f7d6e156a45da83aafa1fad566eed563ed5378d7f0fe66ab370e9599e903f3ddf7b027297650f72ac7d8d1addfc355b7ab2f644e978ff4685d1dfb4b3ef6152add82ad987f617f08fa549343d9bc322fa0fa540d7466e922b58354812a9d7ceadeb42b512fce8563580a865cacc68a2735001ad4ef510deb8c3d65d5e8bc1c7d85bfc353627a91a73ae7847f316ff08aef18b9bc33bf2eb5bda7d86f21e8ab1da9554e287ed1bd696dca3789022e302660c52f73592c63be63b99f54f53d0282e0a63c331fddb22e803e7d58c00447ce96b539c070eb776cb0750dca39f590791a274449c4f715cc476132ba729d2e6adb4411afcc543897636f5ca7cd2609f30763421e1b89c383dd9176d4f850e9784f47d9bd0fc6a518e5b968892b70378ad368c9a1891d0f5ad162cfc878e093a63ac12bc49ac7fc856b106b4fceb2353b27ef7ab01aa81e877a9dea0714834a9ae2073156aec4d958b9a01eceda75e955502ad1d93b6c4341204acc6ff7a35e5bd5df4399c40eff00428188ec26bda6602d800eb98693e46aa572acdda540a8a00e635e6743ceab174d37d287e777050a1d943b56572cd5baaa94785e91c54c59b9f86bcef1ad562c676b2c361e1d8a3b0507c2480c406f85544711b1742b2de8ccd975b644198d7c5a6a47c6aefa458ead95cc1223f5f44bd1eaccae5abab27515b4b618365baa4a9832a46bcb5d7e341f04e0f72d1b85ef2b8662e24b18e7004131e9f0a41bd1f5dec2e8d3cf7f879ec4535980c4ab8f1ced45eb47bab369582a804b4ea61768223723fab559e3dc7efde62c30dac003c4c001e633093e915df1bbced7dcdac8ea6086672bf085691e7f2a05df11fc3b5aff00e56ffeaa6b178d7126990d201dfbbbd429d300875d4ddf86c87ba6590b9973b9209de0cc69f3a8d6f839814710011ed75d89235f75461f11fc2b5eebadff00d55b37af7f057dd73f54148fc611191bfea8dbcfbb92265bea7c172f8f5ca0b2b82667901039929bd4986e2f6ad9cc0b309d012b240f40239c6feea1f138d7552cd6090378653f22450ed8d3201c35c9327fed9f987d28b4ea538fcb17dcfefde745120ff1792f4ce1bdacb58a5728197bb124311af98209a1f86f12c539254d968ffcaa4c4ef0a0f5eb54ce1f8a8b57084285864d6262413b1f2ab0f0fbf66cdb47194335b82498d742664c6f1f0ad1d1aa6a3418849b9b051dc5af5c63f6a143011e132235a4d70d102f660497532c403994493b08277f2a8f8a359b5dd87b855de4024782446848db7fad6731ed73abba37a7294068423f3a79c02fe50e07de04527b9877e4b2796a3f5ae380be27f6870ea058d3bbf0f8a6359f9ef52e8aa0f7570f8b09f485eace19615f53882000368237f4127e955fbddaeb2c63bb704e8090bbc66130d5c35e196f2b0272939635d4ebfad23b78cd3f9abbfd83f9d5c6371aec310036646f8f6295a74c3c6aa7b9c5146bcb34375596cbfbc736bf2a830fc52d3dd7b4188cb3e22ba346863c5fff006b96c67fe2bdfd8ad7ed9d6dddfec1fcab325f4ce94bfddc796eb79a78581932a73754accc198cb127afefc6c0d0eec0e82e2cc4c95200f23e231f0ae1b1ebb1b77bfb97fc96a06c75bfdcbbefb373f34aeb6ad20e9f847c6796cd9e6a243bf8bcbf557be0fda8c3ad8b4aee430401a118811a4e8363ca9f5bc9700756952b208e60d790fed7647f47d54afd40af51ecd37f26b7a18831e9263dd15a5c2628d6eae422db529529e5bcaaf715fe71ff0011fad2e734c788acbbc0fbc7eb4bae2fad66b1466a3b99f54e305821eac3c20da5b79ddb2383a34c08e8791f4a4ef850aaacd7110b1850c62644c4f581567e0360f7706203191a1e436f8d35d0ec77e2248b41f643c41191355be08f1c02468c3d9f8f234b78fe5c8ada4cc66e70075a03b59c4b0d86ee51adbff29b82c836a0466819981201592277a1714976dd9eeeeb0745cd92e7de20cc861e5d6aff00197a0e1c3dc25a9f6c251771a84c0275207b2d1a98de2009e7b54af7d25fc43c260ce61af9787c5ee9a55dfdb2082cbd3daff5ae5efa1339c13bfb5feb59c78c311a3f67f0a6c67e0985fbc8b926e5b19fd8963af2fddd35eb5d9b07364cc99ba66d7e1148ef58b2f04c1cbecf8b6d49ebd493521bde3ce1ce6d79ff00beb4b7e1e87f9b6ec1aecdba6f4424c08ef4c85b9920a90ba121d74f593a558fb3dfcdb29ba2d1203004a1cc04f8800c6479d50550c9018c1cbf1151b61e67c475d396d11d2acb0870d87a99817780ddcf7a0540f708b2f44e31882c8b2b041d4c820e9bac72a437cd0dc22d90844c8266234db7f5fd05117a878facd7d5ce3480bb49a4360a18d6568d65551a811e12cc55f2daa2865e473104c69ec9591ad085ee7f0fe0e3f3a8f15fb5b246436f633de16d39ac36683a7ce9387c52820b92c4e8da683a465d6ad85069162def24f9b4c2149e2ad1846394ca95d7a83c874a9acdc861af31f58a0785dd66b72c20e68dc19d06ba01f0a26c93980024931fa7ceb41866e5a0d1c366892a97794bee636f0f62ddd1e1d3c284081cce6e94363789e273128a72f2ccab3b9de0c6d1560e0f81bcaca6eb4436ca9208d4416244691ac6f4f1f0d60092a7e1548e7b4000b584f29f34e34419baa1af16c4641a7da73f07837fc53b454ebc4710c7c0a0a88cd287372f6406d79fc2ae2fc3ec743f034bb1569808c32f339b377abcb482aca0c9a107d326f49abc41de5566e711c49ce1ad8ca1734e469911a119b41e7e54359e3f74e58b419ce99555c9f2880667a0ab15bb98a061ec90b30585c73a75ca59a472aeb0f84b68752c3ce1b4f975a330d136f86dee33e8579c1db094070dc63dc539ade483a4e6d6449d1947e74db0e05ceeed99258955d1a003cb3010050a976de5651a308e720ebb824f99f8d45738bb590b904bc92a239f2f9e9b538e19e9453045f49831b77841d1d2e4ef11d9aca258db831a06696f202353fa56b8a595b977ba6e699a3f0bfc343525a5bcdde35db8e92548c8ba926546794613ece8bb46b4062b1a6c5e2974dc1e1395ae1b5ddb0d3557540da6f079ef55b5cb2a3e2966b03fbd3b3beda030637ec46648175967123bcb995a4af87d002047cab6b8f70c006a8f0cea57c3733f53991a7de87ea05733ad5e747c8c3893373ebc8252bc6729be0f4b775d4e612fa720d2485d363008d7ca94af689410a45be73f6bb40275f0f38f9d19c371d78238b48a4676f6980f103a18e746b5d6c5e55c4adb5645f695d4cc9d44024fdd5f8d298ca544d20fac248d04c6d3b9129b8e621ba2ae376a7c25bba1a365ca2e6a444e61e1d4542bdae931dc1fed8d3d74d2ad6dd9bb4798f9544dd9a4e445529a785ffe3fee3f54d8240d523ffa8d7bceef288fdfce326d3ed7caa25ed326566eed8653d564eb1a6bad37b9c06d91a143e91fad2bba70e92a6d904001b35973b826243c1d8ec2a6ca1847cfca36e2544970dbe4bb1c654fdc7da7eeff009bca9ca62aee55297ae208042c981bf298d675a1fb2d630d7710ca2ddbb8c13310509104e8de395dc1120cef4371abd85175fbcb4a5b341f0293ed151fe1a77f0ff0698761dae0498d24db821176630e85377d7832b77ee42b1304e8c0f26e645166de28ac0ef77cd9a189f4f4aa95fe2781120db5de0fd973f70d6adf6f8dbdff0005a4caaa04e6cc10c46cc175d390d379a1d26bfaceae5cd888ea0bebbc11e8a4e3a06807ef82878cd9ef545b6833a7880241d351d0efa8eb59c3f1d88b1692d25e81a0d94fde3b660686c5e2f35d45bbdd665f1650d703f590853c5b081ceb80a2e5ccc734023248bc874d750615b5268340d5a4f6804edd9bf66aa4e0d20ca3b1d8c5772d71158f5204d31bbc473e1f62024fc23fd2905f3538c45c1688b6124fefac8e5cbd26b438f706d174d85bfa824e8825c10071b855073051a85d6d9dc898f677d6b97c561492b0999752326a0753e1d2b78ae18979f280118c3850cd2d1a16d491a18d77ae2e765dc12c0be62209cc648f333ad679d470d632fdfa84e02ee083bb89c01fbb63fb2bfa542eb81df261e3ae558fa56ef7657aa9fd7d6a3b9c049194e6cbc979579adc381db7a919dc16ca60e40cb871d3d91f0ac36f0dc8a0d793c7d0d46dc09cc3f88f770263d9e83e55360f81a857370b1ccd31e01ac7b5e323e5a530d6d21a547f7ca1927704d781de283ec88619a48639b4d0449923ae868dc3e3af6422e0b65f3482aa232e9a411ebf2a4982c1ada27bb6701b4201b3d66746e52634e7451b4358c55cf8daff00252f88af95d2dca4716c9b6fb7b95268b4272bc4067336ede48d34d674d7eb59497f666e589b9f0b7fe4aca5862a04433c0ae9a7cd1d7b12979203878d7c2c27e320d2ce21860899a1b423ef9e640e4d51f0ee256486002db8cb208559d348863303c84571c431969d3c1701d418d674f514e52a4e63c306689dbfa2e388895bc1df01235dcee4f975268fe0f755afa2e69d674227c20b7e54bb00df663fac69b766b0cef77c2b394126394881f5ad016914babbb4495b35d59a0756f88fd2b8be92215d94cee4023e1a56838d4020e5254c198237142e3f88a5912f31b78449f8566eec7e970744e8b85996e495171254491dd1d01d8cf7a01f7527e3bc66f618a10c8e1b42a14ac7f4a3319f8d169c4ec3124079313a01b7f5e96f1ac5dbcc335b722264a068d473ef34d634f2a6dd89a6f70cb4c0b1910d33e536f3dc861846a531c3f176b8001730ed3b89923ea6a489f69947a2b1f5e91e949b83dfb25c776b9490c47d9b2cc1018ce7237006d4d6f1a4eabf2f5481ded00f95fd114051e212d84722e293e1fbac0c4f53a73ae2edbb08b6ef39d8061ce7630048fce85c6e20223b1120012263760343d75a3316f62ea0424b8440548074f00820ec0c1823cc8ab1c399a4dd8dcd062d68da84fed1e498e1788aadb50acaa8aa015cc0a8cdaacb9d680c362ad6213ba2928a4c49cdaeb2434eb326ab8d83416103ba967258e75606340232e874d674227a5176ae7808c3bdb47ccb2503b6801d0db6481ea3ca92ab8514cb835c4dfb516d75b4fa7722b2a66d536c4606d59d2d2c06d48f3d7cce9b7ce867d08931aef5c1677522e956600410a446a77040e83954176d061a83b7983f2abdc0b5c30ed933afa9da527563394fbb358250d76e2be60c79e91a93a46fbd3c1600db28ff007e955cec3a65b57066cdf6875f70d35ab19aa5c75eb14cd3ecac7b33cd779f68fe942622e1531dd96f342a47a6ac0cfbb9d4cf7147b4c17d4c0f89a8cdf4fe227f6d7f5a49a40376cf8fb10a650d7147deb0c3d527fc3343271dc393dd382ae34c8cac5bd6029d28dbfc44070dde292c3280083ce79481ea4555b8870b66bed773b869d0aa0951a0ca0c99d8eb1ce9f737047b0d3a6d91f5e33b374a18f89fbc5580e2ac8f6250e9f75869ac7dc1ce7e2686e2b874740cd699cbea2e1cba8048e7a9f8ed143e005c19b3b961a65cc855bce490037ba8c0e32ea277e714a8acd617358366b323c0b41f444ca4c4aad5de116c9fe6987b97fcd56ac2b5b5b6a9955d7c56f3050a02098583b8e5e675addcc12990accaf9491be9d1b7ebf4a17b1988b82fdc1798b2a5990d0483e386d00d0c8db53f0a71980aaf21b55d94cdb6db6c5f5ef086eaad0242eb1cb62faf76e4175f6180cac824786798d0cfad0b84ecf8b47bc17ae1024e5cfa6a4729d4083f1357ab38db4e48532409f64edf0d7711d66b9b38fb4c542b4922468448899d4475f78237a7a9f46bd8e0454b08b65116ef4238804110a877cd1780c1dbbba5cb79b289048ea4889f755bdb89da06336b31195b70608dbfdc8eb4262ef82d2a742371ce0b0a67a42d409e5ea874875903670d9232b305020280b006f03c331efa9ae5f68d1a0f98a90dc3d4d70d79bf78d664b8cca750cb88302584c09d06ff000a81b3b1f0b03e5941a31efbf5a1ae307817155d41986507e123789ae35c0b8071b2e9062c873816cf9cdbf1444842341c8f5ae315c3d6e295bea32cf84191260fc74e46ba6c3d90cc0d84ca00ca420924cce6d20fba91768909b596d5a198c4b2ac151d76deac4d3a2c7b436a133b445bf4ba0e6790647aa9715d92b0750c50fbfa11fb86905aecfb2130c04fb5b6bca8ae16f7845bba970ffe425b9f51d0559bfe54e751a8fc7739d79ae733aad7543c803ff2f583c148ced8f3fa2a71e0599026605149200c9a13beb5aab71b2069e0f89fd2b293fc757dae3e2113e1b55352cdb68601483a82220d77fb1dbfdd1465ae257fba4b856c2ab091165074dbf2eb455ae25798a8fb320900e5b49b73d5751eb5a70e61d1c90eb6e5c606d85b6001035fad4d82e2f7b0d98d99f1467812604c1f9d498eba731f11c80e832c093024b46be8683d4c8133e42759d3e71522e19665706aadfc3ad90a49d0b19d77d80d7a1d2a6fd945c60a46fe53ca76a83875ecd690cc9882641f10d0ea0907506a52d59baaf9aa4d41b6e3d53ad1d580b8c4706b7958869cb330bb11f7490743e4691dee18cceb95c01cc1120c6bd74a6cd2240260993aee6975ce2eb6dc83dde613edb91a1d263bb23969ad49cf6e7cd8611039cdf8cae00621e654a964db11984133940200e5a1f389adbbf503e34159c4a3085b99c8d7f9c0e63cfc20fbe2a676a1d4c5bc3a1c1a79b4298a6364f89515cc30bc4dbca7c5d1a36d773e95989ecf5db5689ef5d5146c2e83a1d3411e7435cc7b5a25d080c0189008db620f5a82ef692f3a146f0ab019840d4e84992246a06834ab7c1b995295c0d740001e1a25aa821d652f0cb4b9d558dc60b3bc104648023900697e3786a3debc0332956e9a1800429db97ce9bf08ba8a431049ca7ef5b00cec757076f2140719b2c10de473de12433428041e7e1620c74a831cc762a380035d67d3eb3a4a9190c9eff252709b250329767da3319237e7445d351e0de66b310635ab46801b64b1d51fff000f989b0e49926e1ff0ad5aa6aa9ff0f8ff0026feb9fa2d5a49acce33f39dcd3b4fb212ee25c396ec66d6351432f0e8d1499e94d5cd44af9581de0cd22609009b7b2282762597f87dcfbe8607918a4988e1c8c4af726d9ccee2e6530dec89cd3e436ab6dde247c60a982217c5a2c883eba99d697d8e22b90877b41c68156e2991d49d32ef4fb3e0d07cd039c712441d9a4719d63814325ce6f5adefea96e0912de665b6ea5c82c0926204680edfeb5ac5628104159812a33478bae9e44d196ef96049110481e206475f09d3d295f10c3967ef3eea5b7f7b1dbe53f2a8e1ab53f8c7353831ae771d4445f7f35d7b1c06b3dc141fb7de1aaa203b6ae5847a40a73d8fc5cdd717fbb50d6c88989f1cc6a75d0cfbaa4c3f19c34a920c01cd149988d074f3a5f86c3f7b733041933ea4810359fa1ab91468e1fae22dc781de79a5b339f62af7df6155882d68311acb0920fa9f2f956862708a41cf641e5e259dbd6a8fc5700acf99ac98b608578e4b241041903d6290e10dc737338308e42e60731000d493bd3187c47c560244181fdb7db6ca85466530bd545cc28339ad48323c434333a6bd75a16edeb648168ae5550a32904089d34d069caa918cd8d37eca88b47f19fa2d07a44c5023885da3da5609a0f1d75c29eec0cdca76f9515515cace94e24698dc501e32a7d117f4ae5b883c19307f0a7d72d32bcb43d9b4a5866889d676a10973c37492078a91222541c36e3405733b80dae61ea67c5efa038dc90029b53d2e2820fe191bfeb561b6d6013ec2958d4bc299fdd24ebfad23c65bb77b2e7e67c30c577e841d7d29c7e15f86a8d75520ccf66fbb61006df0bee430fce086f9a456dae8398a5850a47fdb21a3a8037d629d0ed3282a4f79001102d1ca4e9d4898f31ce86e27855b648cc732810091201db4f773e94bd6eb1004ed56787a74dedcd4dce1e00fbf7213c906080997fd416b31d1a2264ac199db2fe75940aa9df31aca8ffe2a8715dfc43c23b83070a068b9805537373e417f4d29de0382a970d6f2660a0150c4188e53e9422e330e6e5bef165818520edd0c74d6b96c6a59b85ac5b2ccc41241f3fa50b11461e5aeb4ff009babc7cbcf9a9b1d2245e385d3a3c26ee6205bb6fa6d71db7f280683c2f037cee4640c160db490eb3079efe441e94c1f8c8d0ceb41714e3016edab880125b2319fba75f7f31efa5e9546b186983aebf7bf4fb2a6e05c41285e15c29add94567b92019cafe19249d27d6a5b98682077b784edaad478dc060efccbdd1720b144b908cdb92148214efb75340709eca26766bcce2d00328cf04933b91c87ba64546a6473c92eb9be9bd704808f6c337f16efc13f4ae7fe56ae1b3bb30d370a35eb206ba4fc68a1d94c36eb76f8e608bbf49147e13832a2e5efaebeb32ee49f4d234a5dc40bb4f942e82aaad81eecc23e5800688bb0d84c6b151dd2ff00c53fddd1bda2c035872c970b77cca078b544101b282742491e21d680c2f656e5cb5dfdcc5326e72805b4074d738d4fe74c7c11905473c7802b99ef109462f1395bed2e8ca641958e5d69d839ed17691954fdf624e9e4d1074d3a8eb49f84f636f5fbef6eedd75b48a1b3e59cf9a602e6d34ca677881d45586cff00c3ab0aa57bfb874de1446fac6dcfe54e35d85646774db60317db61bbec2112f360210580e0c2f366604783319927ed18951a9e403520ed058b5641b4a2183ac983ae5263527d2bd0f81f65930eac12e139d812481c8401cffd93559ff88b82366cacea1ae03239fb448d39c9f9d030f5c8c434024b6401b36ed1b869e17b29b8750a03b30b08df8bf2147635bc27d0fd282e06f091ccf8be206fe753636f80639d5fb4f544a49daa23fe1de26e770e8aaa72dc3259883a80768356fef6f7ee5bfef0ff0096bcbb857682ee15ae055520b8686d47427329da236ab8710ed15d0a816da778555dc41221f50804ef0567f155362b0551d50b84414d53a82213d6bb7bf869fdefff00ad44f76eff00097dd707e94af156788a80ed66c474d275e4467deb5c23f6dbe0bad8b05418f14a4c6e1649dbac5561a1262478847cc8bbd72e7f0bff0098a5ab81c4aa860f70804ce66049d667e063dd4d6edac681ff00a143e97d3f38a36d61ef774a19006cbe20a6609e5b19f8d45b9a8dede20dfcd78906cab966edd4539d5ee124998410392e8758eb43b633366054acc0398c6fe9342710e2d7659530eef1ba8562e3f10598a5987c75eef2461c0b86065b81f36fa424813ee9a6e9e06b0ccf7813cfe87cd44d46e8139fd8de095020032731890247dcff007a50f6dae332045b649761aaab1800f365dbc24fbea7cbc4591d3f65c9d064700c820f88931a74a2bb3b84c50bc3bdc314096b7868968112c402c04cc4c49a6ab170a40ccdbac0906fc2e84d82e36e481bf6ef80eacb68781a32db01fa08ca283ecfe259c5d92c46662a5893a13a013b003eb569e268ddfaab2784da6f686b2197cc88f15557b38005ba7fa4e3dc0e83d37a274656ce5c08dc6da5e7e8b988000042698cb9ca99f6671b6d5195ae2839ce8480765a558c6d2a1ecd718b169ee25d70a5dd4aca1208c8a356881b73a731f4cba9181250689872bd8c6db3ff00713fb43f5ae1b10a7ef2fc45037b88e140937b0e7fb04fc06b50adec3bab3af70cab12615409d84b1027cab3ada6e75803e09d9011d71c75143b52f3770879e1fe207e759fb1da612aa841d8ab7e8682e6eff452056aea795418ec51b41484627915556223d478473deb57f0d6d7420031b67607eb5bc161d1ae2883d7472469aea2a5480699bc7df1f65e75d2bb9c5fbc6f12993a166b6b1b7369e82855ccbbb21d09d1ba7ba9b71e5b769918f8016224921478664ff66a3c41452a975d54b0900f849d342030d8f5ab3c3d4a92d14858ef16b4f820bc36e5c853888992ba18d0f94d650fc43b97f0a3da8cc4ce659f39d7ab1f85653071159a48316e07eaa218d3743e3edb16562f0cd3006c00ebcc57587c4b2057170883acf3f28a8170cc4664619549920924e9b526c4e24e6241983a74223f5a64b0d4711b472fa6d0a21d902b22f1269249a81b1ccce21b41200ea4f3f7015d0c380b3954c8a02c28efd15bc218ee1a23426a3f836b25c57be3929ee02c5c174399dc5118cc55eb7672de62033182342003a033cf49a3ad01234a99b08a7fee5dfef58fd4d5254c4e4787711ceda41d9fa2386c84b6c76b8001730d001bf951573b48ec3c2eca7a8ff5a96e60d77376e0f561f98aed70e1548cfbebaf3f3d2050fe2d37373069037ea3c614a08b20715c48e215ad992d00a1f2d8b4f2021be5ce844e3eeb6d6d31839177f35047c4c51789e1a6438bae180204852329dd62048f53411c21fe2dc8e9091e9ec519b5681a7978cc5f5d0998dd1007151cae95affa92eba35976cafe12083cb7fca9bd8ed3c0009d8015e7fc6562eb9924f8753bec3a451764cdacc42ce6500e5ea8ff009c1f502ac1f82616348300c78981b76210aa41215e9bb4cc4785b29e46269476ab8b1bd8720ab3b0650ac167982c491ec8d3e24549d98b1f6043112188d413a753e214938fe2e12cba98cd24e5e632823d779d695c3d367e20345e0fb13e710a6f2724a61c06d0eefc404831d790e74371f41ddb10358dc6e2a5ecddc06cc833ab6fbd47c78c239fe8d68c08600923aa53d9be17fb5335b20c05926449d40893fef4ab9e1eeb864c4145656799939865041d3fa2109d7a520ec02b8b8e542fb23da240dfc81ab35bc1621199725b646ef32f8cc5bef20b032a091a690399aaac56222a3a992dd0449de0f98b1e40a3d36d81128ae2bda8419188cca0ea06bbd156bb4e01b6a8916d84b6919675d41db526922704cb07b84279ff0028720fb8dbacc770e7b8f9f2e591042dc10639c14d2a99a68b1d6e3731cb49ef4cc1215b3fe7c9fbd5cdded122c0826798d87ad52cf08bbd5be2a7f4a92fe00aa4cbcc490031f70f0c1f8d47230f65c0aef35675e32aaef70405b99760012ca20c9e7a65df6a5981e33619bbc3adeb79cefee3e7355abb872caa53bc025ba46a6468c47c474a58dc400cd083319fb48236db4ca77d79f2a6d982739c61d2e1cad36837dd630866a0017a7e03b44b71431d2674f7c515ff00394eb5e4b6789b942f30032299fe90633eecbf3a378162dafbb2162204c8d6758d074ae54c1bc667da0796df42ba1e345e838ce3897ad32a8f17ddcea4191d0687ca7eb5e7bd9d1e1b9eadfe234c755ba4662c517303b44c8e477d295f675d618206c9944668cde731a6f4f745b0b4b8ceb1ee83883609b635b4aa9b592d7fc209208f8003e5568e2074a5bd912ad8abb9e202c093d489ab4af53e1b0bc8d101824c28f84f0d2412fe1624e879a8d8d3c6c2a9b56eca953258b091a96f0823ac0ab17ec169a0c6db413e7e7e669063b0099ef61c2eaca8d6f991be6604f420fbe2a9e9e2a9d4a8e25ce16dc2c25ba5cff694c9638340809ee13b3f835b019d05d6cb98be66133a8d15808da81c0f64ad8bf9ee2a9b31216752606879c6a4fb8528b98dbc145beeee6580010acda469b0dc7e5539b97ed5a2ef70b02208cb0547599fcba74a49e6a6720bee491133e08a008d15a9bb3f81d7f93203cf561f46d2b56f806110e64b4aad112496f93122a9586ed094119c9e724eb455bed231d019af55a75838c1765e3b970445e255a31dc06cdcca766560eba00a594180c236aa6f0be0c7137d4df6397c4ec54cc998014b0e619797ddaeaff1eb8258bb18d94ec3d284b78c36ae3de0485200f2e52de52547ca9ac33ab32939a375b9da7c941e1a5c137e31d95b3205899ddb34375e4008aca5b6f8b5c7965b8a39193f0dbcab75107131aa94312a38922d14585dcc8de94b58623413ef1fad1f88658395f308de08f9114b6e0abe6b43498da9324ab1fed2328d0d28c631cc1a088da7affbd7dd42ba6bf0fa538c03aacc85e825737e622bc5fa2f42b561cedeeaa7b6008606068676f3e7d6ae08db54470c0d67db5cd02636fdfba7624251c1b10d69dae32486520e5d237d47214eee5c372d381a3b93a957caaa563c240df499db5a07176d4020027698e43afc4546981619583ba800480cc396b4cd5aff00168b64da76c6cbf3506372bec94712b0f6982e6cc000665b5d350751cff2a030fde5ccd967468fbc75f8c7234ff1567c304b3902258cb1f534270bb26dacc9199d9a012397d698c3572fe7e1bceee086f600905e639448863fe87e84535e1886e5b0abb9ba06be483a7e2a07124f7d13a86112769691bf947c29bd9660b6e586b74ed1a80174d06bad33583a001bfeaa0c8569b76c2d9b888c3bc6d01657ca04413ecef554ed6dbcab6124342b495da4051ce9a9c03643705c70011f78eb31d3ccd28e3cac3ba607bc08ac097f16ac74993274155984a7f343c69266db72fea023d53d583f774676648ee06dbb7d7fd286ed05e30574d761ce962711750b95104c9202c0f688e47ca8cc18ef75708bd08524820913f115745e212b96eb7c2f8b1c39201d369001d47a9db7f95396ed5dd878236192506a48d7343d5671f85caea8a73031aeda99d3588ab8b70bc3676169a6180519a7c3e2d7e01691c553a05aea8f68240945639d200283bdda8bd0b972130334a10018d621f5d6b30fda9bb273adb0003042b193a4080da73a61738383517fc9c74aa4f8b833fe18f3faa6b2be22531e0dc485db66e5c60a54905548023583aea6741a547c538914b56ee409b84655235ca4efa09d88f8d02d84eee1957c437861af2d2469a9f3ad1e2ad390dbbae46800eedb59881294d546527b29e460813a1898310662d3fa21b6417493f612cc6768ccb084d091f7a7498dc73fce94d839b2f9fe668ded2e105bc6db536f266c85b50c8e73125c46dc811a6aa791ad8b10e345dfa0f955a53a14e9309636247b2017971b9952ddc1016997aba1f82bfeb45f64f06cb7c651ed2b0f841fcbe752def67fac3e86a5b1c60da5555172403ec848d7cd96758ebd2a9daf7bd8e68dbf41f44c9005d4776fe7c4621a642a2a82351a07247cfe749bb277490ea4e815607accd3b6e259eddd19197eccb49540362375035d291765ec902e31886458d75e7b8e5565d1edca5cd8880d1e47d7540ae7dd33e26a48dfe542f65f1c3bc71748855812274913d7caa4c7620b039567de3f5aafa97b73bab124983ac72d47bfe54ed7a42a30b37ee4163b2995e859f04d1230d27512127d7515a387c2921edb2211a66b6e069cd4c1d4551f875fba63c4d9a20133b1d48d796828c7c25cc8527c24c9103524cef13bd51bb02da0fb567029a150b87642b87ec964ecc7fab79c7d1ab4787a726bbfdfdcff003552070e32341a6da7fb9a96ee1dd8862ab23a081f0a11c1b4ff008a7c3fec885d1a0fbf35706c02fefddfef18fd4d456708338f13189dccc69bc45553bab999881ab08813ff00c403a1ab1f0fe2aa2c22ce46d55989103500b1f3235039ceb46a1816dc9a9b360fefe486ea84443528ed6db24a806773f4ff005a5787bce4da43002b2ec209f14ea46fb9a7fc482dc76656b657eec389206ba8f8d0566d0cc3d47d6a54ab96d1c8772eb980ba52dbc2e6724123523da31bf4077ad53bee849f53595efc5f0fbf05ef86154adde62624c7ad48d5de32339811a9e5b6b5ab76491b8abe49adb5c8831ad1fc397bc9d6223cf7f77950ad862798a230773ba90564311067f4ae651aaecab6abe82a65b9a52fb97204f407e94a871e23ee7cff00d2a90e15d567284dfc40dd5581b42cc35240d3d397ccd77de829208de3e677aaff00fd41ff008fff0097fa51b8bc7777611e27390627a82dbd41d83a820385cc0171f5dc02f0a8dd8b8c6b69d3d29570ac63366ccc4807d3707a5717f8be6fb9f3ff004a86ee319a2674dbda1f204558e170e69821e106a3e74288c4f102ae46775190443b4060d3240dc4691523e1999959ee4c4302750403260ced492fe768265a3ac9d3a6b4758c73642a492a5480200dc4020814c1a6d176803b8284ef566c5f100b86732a5743ea64002434ee07dda53da55fb641ff0088ff0088d4d8ac381c3ad6a659d3d35b84ed4276a6ec6207fed8f9b1aacc3b5a2b35add8ea9e4d684c5432dee6a056d4aa7ac7cdbf5ab12f0fc96eddd0ad940033107293b9f11d2649aac9f15b1a6a5b61efa3463ee280a49100684907e1caad083b0a5a5778db737149822758600c05e4791f77c6ad3c1716d7082d9bc458cc785b5f6a4787ef1d37df96b54fc46224673333d7ca3e9566ecedf05a074f3fce96c71230cfe454e90eb8567315c30ad3acf3f85716810218c9ac74089956082ee8312cd321c81e8a74fceb9e2881423012647c7cf4da88c4ea3d351ea286e397728b7de1240249ca141811b6c2ac683dd51ec13a1803772fbdc84e0002ab3c600bb7903a1ce02c05cb94c1620105759dbde28b4c159245d50dd4441513b4020446d4978ee32ddcb99ace70028033800c827f749d35eb479c6db4d50b35a650cde06fb2b877524ee8c6483ac19eb5a27d37965894903747dfb83613d75ff426a5e12cbde0ce4010752607ce93dce2768eb9c7cea6e08ed76ee64f614328827313a1981ac5557e1dd949208107d1361e240e29a63480978c66502e680c48d76600c69ce0d22ecd01378a88042c0264c78a24c09a26d3136f1f24e8f706b3a787cfd6a0ecf699ff0002fe75678332e7ff002ff484b5610077faa8780e017bd39b929d081bc8e4c3a1f9d1dc7ec8eef4fde1c947227928a2f85da536cdb6b73f7c5ccf0ca62370b3119444fd692e3d1c5f7b6cd7091232b440303d3ad4dcc73ea033a5d45ae8953f66c6675e8343ea16ae470a3a551bb2cdfca8004c00d33d741b026bd0c55174b92dac0701ea53987eca02e60d7a544d841d2985ca81cd57b5ee454b2f5bcbe25d0c1f9823e8696af797019739836558e4a09d24479537c5b69487b3f8826e0430585c0361b2ab29d773ac1ab8c0bddf0de75b7aed4bd503305322dd430d7491ac8f2f5acb6751eb44712b9170a8224006201de75d450a2e9f2f80fd28725e013e90a48b1b9add018be24b680cda93cbcbad6579b86a8e1202f1701a94b6f6a286dab2b2b48925b5b87ad76752bf8856565797959711ec9fc27e955735baca5709a3bb912a6c5c9a63c46eb1b36c4ed963fb3595945a9da6f3501b529aeab559455c51b5c3d6b802b2b2b8bcac789ba7f65c3acf845cb7a56f8aff00eaff00fc4bf5add6557521f387f3fab514f67fd3ee8bb7b5718945ca7c2bb7ee8fd2b2b2ac10d547bc31127e346e1712ebaabb0f4623f3acaca931a1ce00e975e528e31881b5fb9ef627eb5bff009f627f8cd59595d386a3fc03c02e07bb7a8df8fe27f8cdf2fd2ad5dbcba41b2277569f3f66b2b291af469b711472b40bbb67008ad712c74f054e153ab9ee984ee567ce26b5594d2125a6ad5ff0f3f9eb9f847e759594be3bf667f253a5db0a74f63887fef5efa0a5dd9bdeefe15acaca074768fe6dfe90a75b677fa9526231cea3c24081c957f4a06ddd2d75998c920ebee159594f37541457671bf957f55bf2abf8acacacdf4cfed0397b94ee1fb1dea17a16ed656557b118a5f8a348c61d4622d40dd9e6759d0f5acacabde8fec3f97d52b5751cd13da3d258685400a7a0e9e9e54297396675acaca833f298a4eed150f00f121ba7572482c7789dbc8565656573107e695e67642fffd9),
(33, 5, 'Via del Viminale 69', 'Sono tornato dal lavoro e ho trovato questo...', 0xffd8ffe000104a46494600010100000100010000ffdb00840009060713121215121312161515151717171717151717151717151515161717171517181d2820181a251d151721312125292b2e2e2e171f3338332d37282d2e2b010a0a0a0e0d0e171010172d1d1d1d2d2d2d2d2b2d2d2d2d2d2d2d2d2d2d2d2d2d2d2d2d2d2d2d2d2d2d2d2d2d2d2d2d2d2d2d2d2d2d2b372b2d372d2d2d2d2d2bffc000110800bf010703012200021101031101ffc4001a000002030101000000000000000000000001020003040506ffc40038100002020002070605010803010000000000010211032104123141516171058191a1b1c1132232d1f0e114154252627282f106537323ffc4001801000301010000000000000000000000000001020304ffc4001f1101010002010501010000000000000000000102111203132131514104ffda000c03010002110311003f00d711e244828e3759d44751022d4864aa868a1c5a15386822c485a0a628135434c754448ad16d212e210512c54c42851d2118a1d08916c2213c952b45912380d12e4d2528344a2263084a0a20c82814330002b40a1c0c01280d0ec5a005681430ac0158ad0ec0c01288120072d21a8589a22ccd6108645a90a32652518bc7f37160682c10b614c2a0048851e2334054b68cddf21911a0a41d522e82519c682858c47a00291744aa08b1e454f09a72022c251250060004b2108309600d82c0200964020004000ac0c615802b0343b158023205900397143a6af2bcb6f20b59531a30de8cf4bd9e23d0908962190a446c2092191c008b1b54468911303432cc9526bfe5596256224b8fdcb6282150236164921d8060b816a450a7433c61ca5a5e42b8caf786cad918960b030021428461001b00820084a18021288045688160600ac03305002320d440264c585ab5b4a70e45da2e3292528bc9fe53e60c6c1de89bf62a0a1915c58e8019118bac15d00c57419abfcf5047a8ed702747b043aea2ee0427f942f47ed621dc80e3c0a5c9ef43f45adacd624a456a37991b16cf46b15b0498ad936aa43e1ce9963c5e45710ca413d15688b1eccb0997a359768b347b020135b98c84254f1971f003c7e42e50f55780584ad068a24680350ac08191a210003050d40600a40d1061e2fb334e7852e317b57bae67aac1c55249acd33c4b474fb234f786f55fd2fcb998619fe56fd4c3f63d0ce15d054cb953424e146ba600874848a184661854c6b031b15c3a7867ea1614c564a253c720b426b06321846f88989458d94cd6f269c0d5003586e842c8e5c33ef0c657b821834230ccba58c9228c7d22104ae4a29bacc671d9bc72ebd159bf692c66d70e856e79679966a702b584f89376734b30d27b0b6301211668c3c22f19b4e54d0590e0a0a46ccd281aa3a41a0256d0354b68468012803340630568816410780444829011c8ec76bb1fb46aa12796e7c39743bad59e291e83b1bb43592849e7b9f1e4f99b619efc563d4c3f63a32c89ac5d28df529be469590840829081906844e86f882340818001932b9c876ca24f3272aac619a19449063397e21686cb56727b4bb425093c351cda552db57c11d74fc4cda4e82a724dfea1a3974e2fec8a2db8c9b54e94b8bdb97b9d0ff8d699ad86e12b72c3935dcf35f6ee357c08426b5964f637b13e7c89a3606ae2b4925953ac847edb52b1d608d188e8d2628b5230486481598c5448d102443084005b0080081a022300ec0304682160027806420c71bb9106368111a841e83b27b475fe593f996c7c7f53a58aaf35de78cc2938bb59347a9ecbd396247fa96d5ee8e8c33df8ae7ea61af3162b0f78f8f0e1b3915a65b33360ab02762bb2547d9bcaf5a86125022ed506589608b2280d542f27e0d09721a3974bbd85315e05b1bb2a26c5ad36ed135b30a8f30356cad2765d2f075a343e161ead741db06ad81acb02608cd70249051166b8c9942972194c39169a104588c5903893542991b0d125028882c2028ac66c56c64468246c801e053097e97a2b867b63c7875294ce3be1db2ed111851284a28f818f28494a3b515de61612ea96b71ebb41d2e38914d77ae0c38903cb687a5bc295ad9bd7147a9c1c68e24535b1f933a31cb9473678f1aad3a0b90b7b9e446d6e6321b0a6089253e5623358989899a56b3d9c5d6da05f1f21d2d896de9f711a6ad6e245b458a2f7df7163aaade1a2d8464cb6315b4cd0bf32e4ca95361d203c9d01483290510ea21114b2d849bcaefc40248560962d86047b5ef4bb0a45bac550686d646b3c33ab02ca562317e273f0cfd07b25ce2433fc47c1fa0989a528ed945756105696c56647a45ecd697f6c1bf3aa1f5715ecc37fe5251f24512d94d2dac866960496d9e143c65e76880186704d71bf3ea71b4ed0dc338fd3bffa7f43aebe5e6bd3afdcb5a4d7e799cd66db4cac79a4c32791b34ed0357e682cb7ae1d39181b33b1bccb6890d6444128ad1a7b374e7872afe17b519a4c46872e9394dc7aec5c54e3acbe6df96f33e062b93a69adf4eb671cb69c6ecbed270f965f4dd9d394be6adcf38c9379f2b5f4b3a25994735c6e35ae76b7135b2b7922bc0d25a493bf936a9376e95537bfa9967898b3b8e4a2e593dada59a5957e2d82d08d8b4b8a754ddefacbcff3232cb1d4e4d6fcd71cb95156acf2bdb79fb7fbff0046dc1d0ebe67937757593dfdff0071793f46c0c77696ba4b84a95ff6efb3468d8a9b7b78a4d2e8e9adbb8c92d1e2ddb8dbb59ee6aab7f21e389183bd6515965692c96438574d9179b19330ad3e2dfcaa53e718e5e2f22e862cbf95abfe66957858f45b685e016f230e2e33baf8904f824e6fd57a0d0d1e7255ff00d65dcb0d7a45f98711b6b8ecbb297a447349dbe5981681ab9b8e1c7fbe4e4fcefd43786beac65d30e3ef98713dd158bfd2df82f5a2cf8cab72eaf7f2334f49c05ba73eb2a5e09af413f79c62be4c38adad6fef172c67e9f0cafe35e0691769549afe557f72dfd9e7277aaeb8ca54bc2ed781cd976c62bd8eba2466c4d2a72faa4df56c9ef63153a395777e028edc4c38f9fba1258f80b6e24a5ca2bf4f738198355937aff22e7f3fdaed4fb47016cc394bfb9fb5b2b7db55f461c23ddf6a398a20d526f5f254e862d989db58af7d74491931b4bc496d94bc58ad08d13dccafeae74f19f8adbf120dab442774f4e84241aacd6ce1c3f42a4cb2323a1c6b553395da1d9f5728aeabdd1d2adebbd7d8ba31d6dc2d6ce5d3cb04e876be8ea2d3cadedaf1b30233b34e9c6ee6c8d0ac7908c46aa48e8767e9771f8536d2fe1779c5ee6609154a759f8f42f1baacf29b8ede1369bcea6a938aa6e5cd2db4fd8dd1c66fe9c2c46d7251cffc9ab399a0622934e71724964e394a2d3adab3d88e83d2e2dba588f754a55e99ee37dc61ac8fa4b928d6b4617fcd2a6af6e717b4cfa1e0eadb5372bffae0daf1cc2b4bd5b7184237beadf887f6b9b5f5cbba97a0b9630e636b4c74493cdc27fe789aabc13f616184a2f2960c3fb539b7df9666683b79e7e7ea5ab2addd09ee1f6daae3be7892e89457dc970ffa62ff00f4939f93b2a9bdec305b09ee5576e343d32697cae305fd314659e9327b6727df4bc0b7117cb7ccc98ff4b232cefd56384f8a7131d3d8b3e3b7d465117478e5d367917c639a32b5b49a55446878ec0d0b6a08c46a1a2822054860900150286a234304684922d1648095d107a00c2ec3d1a4be9cd7a0d13563cb5635f99992274eb4e2db4e8d1b74699ceedf7776d7ede055a3aa8b7c72fb9569d8da906dee4feeff0039949f75e77b634bd6c5adcbd5e6fd977152316137295bdaddbeacdf130aebc7c42c8563508d81924ca71196c98905ad38ae2ca89aec767e1561dd7d4efdbee1c38ed7f999735ab151e4225975634ab92f11f7092924f617d2d4bfccc8da97e8d159f4606f2db9870e3f2f30ac20033d85f86965c915e2c13c8b23ec10536247e55d7dccba44928b6fd391ae4fe5466c5c3d68b4190c59f0614bbbdbf42de1d4cf04e93b6f8eccb22d58a9a54d5dafca326a6a05508f129d259dbe487c3526f34972f40d1ed6261130612daf67af2160da755fe9868b6b5852162ef65f0d9ea5f1c193d917e01c69728a5828d4b429ff0028f1ece971454c32f89bd4c7eb090e8aecbe32f21bf76477c9fa173a5926f5b172a88761767c3837dec83ece49efc73b499dcba0b86acaecd5a1473be199afb61e9a67952e1b7bbf5a3cff00fca34aa8a86f93cfa2cdfb23b9296d7cfca3fad9e33b671f5f19f2cbddf9b0c95d39e4ba1a361468eb22e3174c2d8b21b8f5f624b67408559f1322eecb83962a7b97e7b19f119d2ec0864e5c7ef45a6b7694c54f20e2ab6c6841c9d2cff4150a610bdbccbdafa57e723561e812e4bbcd187a173098d2b9c53f0f245905b3a9a63a32e2590d1d15c2a39c73f1b0359a7c0b12cfb8e8ac05c06505c1780f81771cdd47480f4593554ceaeb207c441c20ee57321d9af2a555ee4c2ec649a792ad9ee7553e0839f041dbc4777262fdda9ed97816c3418ae2cd14f8935798f8cf89e797d56b458f01a38315fc286d55cc9aa8ad16e8e40f88b89297044d61906b7264727c09ae2b90c267c819f1407315c808daaf7b2096000fffd9);
INSERT INTO `posts` (`post_id`, `post_usr`, `post_addr`, `post_txt`, `post_img`) VALUES
(34, 4, 'Via del Viminale 69', 'Giancarlo il macellaio fa offerte da pazzi, correte questo weekend termineranno', 0xffd8ffe000104a46494600010100000100010000ffdb0084000906071313121513131216151517181a1818161819181e1f18181b1e171e1f1d1d201b2029201f1b271b181a21312125292b2e2e2e1f203338332c37282d2f2d010a0a0a0e0d0e1b10101b2d2520252d2d2d2d2e352d2d2d2d2d2d2d2d2d2d2d2d2d2d2d2d2d2d2d2d2d2d2d2d2d2d2d2d2d2d2d2d2d2d2d2d2d2d2d2d2d2d2d2dffc0001108010b00bc03012200021101031101ffc4001c0000010403010000000000000000000000060304050700010208ffc4004a10000202000404030405080707030501000102031100041221051331410622511432617107234281911633345273a1b1b224557292c1d1f015436293d2d3e153e2f1548283a2a317ffc400190100020301000000000000000000000000000201030405ffc4003a11000103020306030605040105000000000100021103211231510441618191f01371b1051422a1c1d132335262e1344282f1231572a2b2d2ffda000c03010002110311003f000a5427a63ae4b7a7f0c2995ef85f15b9d0574b67d8d952987127be49a725bd3f8634e84751890585882c158a8ea40343e67a0c7336598ade96a3d0d1a3f23f7600f2ae3ecfa5b89ea1475e32f1dae558f6c2abc3dce2c547ba33529bde32f0f57853e174e06e45d1a1d4d74c0a0ecd4f52a2c614e4b7a7f0c4aa70161468d76f8e2447033f1c239c42766c945d99286b92de9fc31ae4b7a7f0c140e047d0e3aff609f4388c453fb9d0d4a16e4b7a7f0c6725bd3f860a7fd827d0e393c08f5eddc9ec3e3831951ee743528489c6ef0469e177643281f57d75d315dfd1802a7af6386d2f87d81237d8d1f81f43e87e077c302a9f76a7a950b78cbc49b7056f8e370f0095d82a5166bd2b6ba9a812681367607a7a1c4ca9f76a7a9ef928bbc76b193b8187bfec5974b300084d3ae8825351a1a8036b676df0a2e518002b0a5d0ac66c54dc609298725bd3f8639e4b7a7f0c482c0c4d0524e387420d10411d41db0b8cab7fe9f4b29299f25bd309e1fe180c3b5d2b16d7b3b6896e19bca7bc361d44fddfe38968f2005b36ca012c7e0373f7fa7c70dfc2ea0b3def5a7f89c1ae4b2111d2d215d00a968d4b1d656885dc6d196018defb691aaef08e175ab66ab8690078a8611e89a05a01a14e7cbff01235853ea1230963b967eed875c3a303292e624a5f687005f4114641da875326951437d3b61c66b84318f30dcd46cc665949d3a82aa6bd6503300773a7b55201f1c3be2bc25a58f2a80a72e2d01e367dd9540d5ba82b6497eff6ba6d8ae1d9f7dc2d2eab4cc09d013c07c46277171004fe9d2ca2b2fc254c8b174764e60521854745b531aa5d874241e9b6f87193c846ec554d90c10fa076ba4b3d5b6e82ebbd625a2c8cbed19b999e2d532b246e198f2d5ab6ad16682a0ec0d1f5c21c278172f2e05442754982cba9c80d2d80ca00f782e91657b75c5a0bb4595c69c138af6ea41279030df984d72714523e843a8966415d0baa972a0f7a517636e9bd9169708940f6ccd9de38979310ec49eb5e9a9547fccc4a704e0af0e5caa88d67d122894b921435d68016d6fcb76013437a0061bcde1b9fd8132c9cb56e6177f3fbd64f4a5a140255feae14971bf3e69da688739b8ac486cfed925c79c01cd27c3144393879a4993312732b766727c91803e56de8350c3a933902ac4ccd4256658fca4ea2ada5ba022836d775e848c38e29e1f925cd40fa57d9e38f97cb490ab280180a3407eade93db6385333e18926cd40ee224cb451e911a336c3cde50348abb1641e83d77c10e0223bd52e3a4f76273b3049cad9c34677c8690a333ac92c70aa4d244d986a899637b60180baf29086c1bb163e1630ff3b998524912c9e526b90817a14000b356c093be91677d861d8f0f4fede9983a648e38b445a9a8a35102c05e83536e2cf4f4c459f08677d9b3318e51926955de4d67ce8b640ad360eb25b7f960f88643bfe4a1aea2e805f19699b8df703f0b40e79593ec9c4b2c692a5947b2a4820900917445d5838e57862bcc4caa1e389119633eeb48ed20b71dd5447b0f52704bc3f87158910a0408aa8aa0eaa5515b9a02efd2fe784f8aab450c8e885d829d2aab659bec8a1bfbd5878d565f16e437be7965bfd3341d9195f359f7673ae2ca0d5a4f4330f2aedd367baec02edd4db2e72fb748ce7ead217e7b1def627ef6e63c6077b1589cf0b787f31165995e410c9336b7b8f5ba81b2efaf4df56a2a6acde1ce63c3117b33e5d0b2f3086799a9a47707502c76b177b6dd4f7378ac35c44f3fe16b755a2ca85b3f0c60117116c4ee337237cc19b21fc9fd6c90a72b48983b259f3685562ae40d82b6822acd58367a613e0ae0499ccd91e48233147f16208d8fad073ffde3052bc2d0692e798eb12c3190ba16340002546a63ada85927a0000eb7149e1c0b946caf3db4b3ebd42300df97deb73a8528e9a7125afef5ddf3ba5655a441194c0de6c5c4ba3940e37d542c04439153202d266a63204140b853a505f40a58b35f6b1eb8d67e1448925d3a84923471807f39a686b5623f3649a0d5f751c4fe778124a72c4bfe8e028530831b28d34a50c97be916756fe98538970d49a686596476115fd58450ad554a06a3a57617d6c76188c2e02077c7aab3c6a6e763337249cf8e168e11038043198c9a8488e827da1b4471eb00c91da6990903c80b15a1476a3d2c61c717c8c4f99922400479687ccd7b2c710db512096724815e847a509893260e663cc972ad1dd268d4b675ef5a974905fb7a0c343c2a31ed204d20198d24da2961a58b0f36b028926c69e9b5f7c041efbd54b6a34c49331c4c1240ff00c5a2789df1643137085f678e71635970aa6acaa502db74f358adfa5de05062d1e21cbf6758f7668e35456d210055bfb3a9ad8dd937f762ad18b182cb16d8fc441f3e9bbe50a73c2ef4cff25ff1c1665e71805e1b3e927e35fe389787890f5c438dd6ad9584d11cfd519c530c3b49301f0f13f8e1f43c57e382533a9144faf0a44d7d060767e28e2291a31722d56d7a54dea6aef5406fd355f6c486567502d5d66037d6d2072ff1624b72d49f957400b502be27c5879f7aacf529103172e9fefd745af1371578a33cb72841552c2af511ab48ee008e98ff006e31ea0cde425758939a7ce11798c6879a85df6bff002380ecf411be660462397a0c8cccda44ac75331b63401a0957e5aabdb1df18cdc6f9a862762224235821e80016c69dd892437988b21c76a27378ee6b9cf3a86813d569f766b98c637473c98931901d4584ef08f926e9f1e9f1f97ae155cda8d8b006e80b16481755d6eb7ac57f929cc7166e74a5131668e35ab504b0d6557ddd21c6f5f67fb37cf0ccb1cbe5da70a0cc62b4146e2d668c80551628ca7d42a8ec4d59ef24e437127ca7cb7f2549d8e27e2bc868e248befb41b137dfcec819f5074ea5d40595b1607a91d40f8e1619e140d8a3546f637d2bd7154cc88d0e5202c34c8e659a427ed31aa2c7edaa120827a917d70ff305a7e216158265d36a041a51749ff133310a47c08e9806d04eed07513a6e0876c2d17c56871cb703037ff71b701077c2b1978803603034688041a3e87d0e1bcbc563d623e62730dd26a1ab61676ebd37c56fc225687273cd1fe7a4602901b8941ea40f73de7a26aa96b0f387e5541cb18c82888b24ad7e532306200201b7b76b5de9556eaf037682e8819dfa9b7df822a6c4d662976448e61b27e7006b9a389f3aaaaccc40550589f400124fe0302791e332e664321678e104ac70c66a495a8136c08202820b105545817df0b71197991cb12b6ee855493f6ba8166b62469b35d6f6c33e169a21558e4113680b2161e78dad998052c28ea6246aaec77da9ea971781ba27cf877f484945ac14c93f88900701bcf33bfa5ca95f6d908cd08bcfca2aa8646b1af482ea598efa4deec7a9abaac2d96790c7199542c847982fbbabd01b209aa3409dc9ac0b714852f2d961b43acc8eec410e4f53afdd67d21b706bce06d558e33e87319c94bf95234096430ebd40dafcecd251ad949346a8d42b381889396769cfe42d2ae1b3b5cd998105d31781f0819e6e32622dc4a2b320ad5602feb6a1a77ff8aebf7e10330203290c08b0c08208e9b11f107102ceaf999358d290c604110f5a1a5a35fb649df6bdcadf4c77979d628515997982f5052480599988e806daab6277bf9e2c6552e7656bfc8c7cf725344340bdedf304fc844f1317852aef86b2ca31133715f8e18cdc4fe38b253b6915279d9c696f91c56e304f98e23b1dfb606461da565db9b84b79a5b2e77c2f86578b77867d152820cf982e3f5635d37f36249af9007e3857364d96ad9769652a2319d50a700f0566b37089a268821240d6ce09d3b13b2115763af638945fa35cf8ff007907fcc7ff00b78b3a675cac1f570b32460011c405e9b0360481b03677ec71092f8e23015bd9e7d2d199413ca1f562adb7937ea361bfc30ae2c6987154b769da6a4b982dcba2138be8f7882904499704742249011f2223c7598f02f137f7a685aba6a9a5347e171e0a3f2d9032af24805d935b3aaaf9582ec5a86adef4edb61d718f1398247530178e34491e40e0108e596c291bd1076bc436ad33769eca871da9c434b449b8cbebe62d9a1287c17c55052cf128f459a503f011e1f667c1f9c1249242d1877a1ada5705505522858c9e8a80b6adeba0bc4d667c4ee32dcf58d2c660c24333550665d5b0bec0d56237f2ce72acc21893951735d64660641a9c0e56c0d10b6091dc0ac2babd1912788cf88b7cfc94b28ed4418034396a2c79c265f929c53bcd11eff9e97afafb9d7e38ea2f0971006cbc37777cc92efd6f97d712f278a9b913480c4af1cfa155af78b5462c8d57aa98efd2c610e39e2975924e54d0058a357507cc730c490550861d08d3b59bc3f8ec2241efb0a19476826001a65e5c3f70ec2076f13caa4832386e8d6cd763a83bf638e0f8958800b9206e059a0707bc7fc070670f394b412b805a802a491f6976f37c4117def15978a780b64a7e4b48243a03ea008d89615449fd5c4926256aa0ea156cd1074eeca45bc50e68991ac743a8edf2f4c4bf07cae6f3e8cf132908da4991d86f40d0a56ec47e385780fd1989638e59732743a2be844a34c01ad4491debddc58593872f938962529120f741602cf7364ee7b938600ef59b68af4808a424f92073e0ce21fad07fcc7ffb78e878538a00009a20074a9a5dbe5f57b60ddf8fe5455e6a017b8b91371646dbfa823eec2799f11655012d328d2fcb3564ebabaa504935bed89c4dd5670eac726fc9047e48714dea7885f5a9a5dfe7e4df091f04712341a584a8e80cb2903e40c74307d9be3d04702ce64b8df4842a0b172dd02802c93f2c2196f1341236942e4989a500a329d284a914c01d560ec7105ecc8917e286bab7e20dcbf6e882bf22f89e9d226882fea89a5adfe1cbac356fa3bcf9fb797ff9927fdbc174be3bcb85d5a252072c93a53dd93551f7bb6920feebc6f31e338c1658d1a57d6891852b5299175020f60075bc52ead44092e11e6b4b7df064cf90e1e5a8416df46b9f3fef32ff00f324ff00b780de219678a578a4f7a3628d57560d58bec7a8dba62f9e05c6b9fcc568da296260b246c41ab160823620fae237c51e088338dccb314b55ad68eaf4d40f5af5d8fc716407096a666dafa750b6b0e839cdb311bd51ced430d06097c6fe176c8bc4ad289398188214ad69d3d773fadfbb03430cc10155b7d4150b4b72bacc7a9c63cb18f4d718cef220966a07968cf44d03a4135747ad574c32ccff00ca673fa25b33ee358bf29d856fb74de87e26b015264f24e99547597f45055491a9236286db4efac1a16bdf6164806578c788e38e4786641a396a5ceaabd5a95916e8120b447a8f2b926a86a478dc79668e12f18557080c848d5124619806f7ba5c83b8bbb3df0aea6d77e21ddbec1232abe9fe024795936cfe4326b0a4ba26996772c155dc734b2b486d0950da847b291b92077c73c427cac922ccf95924b54a7e62692bcc558ed7995bbbed63b1c29c3f8e22c0cc32e106594694663a90069633e5601ad208c39502cd902fa9d6573b1050ab97880578e100b9dc096458b4ea1ee2d2bfc9a86eb457c0a7118537bc5599c47aebd84e20ce658c26b2cd5ce57e59d16646459c3eed40e93aa8904574c6f88f14ca3ac734906bf349a599109458dc23bee6f482751ade813db1996ccc1ca3cc853971c8546825edc2ba3b6f44a850ebbdf941edb072f9fca686d51ec165465603dd668f98bb9a2199d3e07e586f0d91103a2af1ba664f54926632acd26aca012031870d1c449695822024120927aefb51c3ee1d98824768d210397655b4a00699d095adc79a361640bab1630c676c9a7bd13005f416bab6460da8f9f5122473e6f7b56abc2b96e2f968833246c357989001bba7fd6b02a50f5b01acfda2460f0d9a0e882e711127aa230314cfd2efe9ebfb04fe69716970de3714eda63b3b1375b0d3a4107d181602be7e871567d2f7e9ebfb14fe69703f25b3d9df9e3c8ab53c33fa1e5bf6117f22e1a78c3848cc65a40230f205263e961bfe127a135877e19fd0f2dfb08bf917129892d0e6c1599951d4ea07b73067a2af38bf86267653024710395d0c34a5193512cbb8f2b1b3e71d0e124f09e634b698d079d1d2e660c8046a8699075b1dc5103b60be485ce7564d3208d2075bd4343bb346479757bca15b72bf68ef814cacfc421e5a32389652858d870aace8c540f30063e6cfa8f7d11d10a405cbee34fb8d2345a87b4abe10db5bef3df052f2f0199f249048d149229049935906afa142ac18035abafe386796f08e6102b2e680942ba12c19c72dcde91a8eaf29e964e25b8ff3dd2131452586123c768015aa68dc87043539652a480d18dcec0b0c9e5b3892eb912492e733308e442378150200ecb51872c6bd541dfae1fdd9a6249b77f2ddbb82adbb6d5682044124e422f9db284927815401531a0b17d9ef1b1627af437555b61c8f03c00b942f1db2ba682018996f7435d3cc763786536473de5a590a891dd983aac8f1b3e5c6961ccd21f94f98160fd8561a58818533d93cc9e7058261e78f9044ab51c4da39b7f5a2dc1798e9baa0801d8543762a2dc8283b76d1facf71f60a7b81f045cbeb219dddcea77736cc7a6f5b74c4ce1ae4574c683495d85a9ea0f71d5bbfc4fcf0eb1a18c0c101677bdcf389c64aa8fe9bff003b94fec4bfc62c56631667d37fe7729fd897f8c58acc6195b53f2d9e47d5663d0dc4f392ff00490919902885634319de47241dd85328b424f45a6be98f3ce3d4e31087fe5339fd10864789c59ce6a4d08648955cb1570589120652956a555482ac770c01dec06cb9ece5206cb0d43de222d4a0b422829a069b3165980340006b55e0d1b604817f01567f86f8149e1ce24703a873cb89ccb1991999a462acbb8625c2bc601ea4a3b51eaad2a84cb39c4b39e66f65a601881c8663b479765b34751d6d2f42288006a2a4172f9f9d9988cbf929d46a81b70b24aa2c56aaa09281d08d63a95c2ee33b242842b6bd13903572f4cba94c1cc00a92ba41d4b4412771e89c990ce0ad1cdd22ce96989215994101b99bcbcb0e7cd6a19974b0d3b88490e21992498e3703989efe5c83a1a304bb0d1b912380429bd21c52917895cc674acba464ed758512004f97ca0b5043401a1d7702c6c30dd72598d12f9661aa58f48e712442ac9a82b734d12aa6fdd3e63bb6398f84668c4b13cee09906b91646b08b008ed7cd7bca35fccd9077b109dc5c4d988acab0b31836186f20b626d3a28d89ee451adad21c49b5329c9114681d2fa597555d88fe4d5e81bd05b1872d9f5526a42ed0c9b7354819829180de67a085f994abb01a0d2ef529c332b3fb4191f5ac614aaab3d8208874ecac46a0564d4c7725b62460424538d48ac7fa1b8b1ef00dbeda87d8e846aebb8340805b15b7d29b96ce44ccba59b2f112bfaa4b4bb741d3e58bb6b14bfd2ffe9e3f611ff34b847e4b77b3bfa81e455abe19fd0f2dfb08bf9171264e233c33fa1e5bf6117f22e3ae3f9ce4e5e696c8288cc280249036001d8926801ea70c16239943f266f3632aad1a4af2b662434cac18428d2ba860c14f992345a3565c0b17617f0ff1d792630eed1a2850eca75b35b28672361623766b45a2ca3aed8d715e2d344d975d56862b9e50a08566d011801b798891401b5b2ded877c0bc40268e491e311692c400c4965558cb351553b3b94f9afc712a1319f393166246614fb418dc2c72155cbdf959297ce5828f32d95e6b6e348a6923e74a3a9e76af66a520480c798b5d209034ca08916dd4edca7fd6c6a2e239f5397595eb98119db4a526ae42d3d2fb85ccc005f37b96c2cd6a2f10661d4386a1208d8a0081d0b1935c516a043cb1a988b2b0249d5544d2885be6e715ac1cc05591d2405247f27b446232828b31f674958badef20ea02857331cc4ad2d19d49ccc6a800954241a9039f74290551d8104905c5d6c308e7fc4532c6d2a392e1e756802a9e5ac2b9865bdb5076108b04f5715b75d3f189d989198611a34a49448cea8a18222cc3521dcccfb56c54ed7b5084bf0113fb40594e63410ce0bf3ab7967d2a4d69056248ec3117a86c4e0cb01dc0b3f9b69a38e4935b2b54cba14009c9562fe551a499dd55459050375209531c08551fd37fe7729fd897f8c58acc62ccfa6ff00cee53fb12ff18b1598c0afa9f96cf23eab31ea718f2cd62e0e17f4b597760b342f083f6810ea3e74037e00e22539a6e7526c0d7d558f8d5e11cb6616450e8c195802ac082083d0823a8c43f8ca299b2b20809d55b8534cc9f682ec7cc474aaf9e02604aa29b313c349892049c827bc5b8818632e91b4a457952acd9abf90ee70383c652b2658c595e63ceb290824034f2daba95a3605f6c3af09c08b947091b29f36ab0c033e91ba8644daa86c8a2c1ebd48be5f2d08ca65173793ccbe95946a8c30d24c8de56160d9ebbfc3aef553dc6010731ddd74765a1489707b4921d1be4cb5dfdb89b9103220f1561708cd492461e68b92f66d0b06a009a3636dc6f87e5c7ae2b4c8b3fb3c10cf1ccc89289648ca3b1f676e604d400b2a240095ad856ddb09be48d373a098c4639464d42484c6c64628286e8fa4a5135b0aed83c4b6495db102f75e2e721222f112ebeb7395e4efb4719867c355c451890dc811439f56a17fbef0f3172e71b18598a5be97ff004f5fd847fcf2e0f3c4be3bcb6518c6754b28ea895e5fed12681f86e7a6d8a9fc61e20f6ecc2cdcbe5d22ae9d5aba1737743f5b08f22174bd9d46a0aa2a116837578f867f43cb7ec22fe45c4a62aef0f7d27431c71432c2ea111135a90deea81646c7b76bc58bc3f3d1cd1acb13874616ac3bff00e7b576c302b0d6a35299f8c425a689594ab00cac082a45820ec41076208ed887e35c5a1c8460f258866202c4a3ad1624f403b927e7883f1a67e7f688a042eb195d6796665690ee34ea8918d0d8d283d77adae638a45a386cca2469ab2d20d6c412de46dc91b1c21713206e5736806f86ea970eddc248cfcc7fb4d27f19a848b4412c924a9cc11a0b2a9b8b247cbb5e257c3dc693371735032d12a55ba8615b1adba107efc0a43e254cae4f2e88aad9868c04048010313e6763402d8f76c5d7602c6e03ecbc3a431e62379647532491b2b04690a2b115e80f5f5df6c236a1992775fbd569a9b1b30e10d21c5f85a492644904911602d077998983160e3315d713cd4904ad958f352b46fc8b95df5343cd6656a73d2d4022fa5ed589ef0e3ba6633397e63ca91f2d95a46d4ca5c1d4858ee7a03f0bc387c988eeff006595fb2e1663c432919dc7c3c2d770b734518cc66063c51e34cb648e99097948b112516aec5ac80a3e7d7b038b1666b4b8c0082be9bff3b94fec4bfc62c5663051e37f150e22f13084c4220e376d57a8a9f415eefc702e310168aec2d6301e3eabb8b1c4898ee2c1ff000dfa2ccd3b0e7491c49df492ed5f01407de4fdd85be2b2e8d07d36eccdc66338eabbf03f1de231651532f92f688833539702acd95ebd0127f1c117e53f18feaa1fdf1ff5609f211e5b2312402448d546c1dd416df763645924d9385bfdbb96dffa4c3e504b0e627940ea4efb0186901739cfc44b8539e47ef084bf2a38c7f558fef8ff00ab1bfca6e2ff00d563fbdffbb05d97e310492189254690024a02091557f8122f0d17c55942acc2752146a6a0d7a6c0baab201201ae9882e1aa96cdff00e2072dcfdf96fde86178ff00140c5870950c4005af7205d026f702cfe3853f29b8bff558fef7feec1367fc459786411c8e55a95bdc7202b12a09600aa8b15648c376f16e586af33d2abb6ad0fa5c4765f435531001e87105ed19bbd1300e709144747fff00487bf29f8c7f558fef8ffab1bfca8e31fd563fbc3feac182f168ccb1c5e6d524665535b690546e7d7cc36c31c8789a2964545495449ab95232d24ba3ae9377d013b81b0c1e23729481ae209f0c5aff00dd95ff007703d0af3f492b333b3d966666627aea26cfefc662d5f157d19f36469b2aeaa5c96689ec2ea3b92ac01abf420fcc62bae3dc165ca4bca98287d21fca6c692481bfcd4e15c085dad9b68a75000d37d37a8d63b60d7e8f78ce7e18644cae53da135d925ab4310361bf7001c73c1fe8db353aa3b491c71baab06b2c74b0047940eb47b918b2b25928b8665088a39240be67d3a75b1fb4e6c81400fb801891612563db2bd37c3190e397cf9215e27c478966142cdc191c0362e4a20fa821811f76155e29c4843c9ff642088a94e586db49ea366ef67137378dd17496cbca14c625b2d15f2d98a8206bf35d5d0b38daf8d139891f2586a62ba99d147e71a3f296ad46d6e86f44613c6a59e20a914eb811e1d85e24c039ee744c73d109cd97cd356ae08874a803cedb01743dff008e398b2f9c5903af0750343214d44821e81bb63d85560cf897899e29a443003146620ee1fcc04bb0210aef47a8bc7198f1438cac59809182f318c86662ab4641aad56cfb9e9df0134c13a8e1fc2b454da0b40c220fee745c4feb378bea277217867cf471bc49c163d127be35deaf4b25af6ede9db0b70be25c4b2e9a22e0e88a4d9a7ea7d492c493f33893fcb398ab49c98d16258da5491983bebffd3d86d5b8b1bf4db0f5fc4cdca2faa2575cd72981bda212682d5aac1d3bd9dbe18515a90123d370515296d06ce60b9cb1137e3f11dde76dfa46fe53f18feaa1fdf1ff00562a5e3b3c92e6a679974cad236b5bbd241ad37e8b5a7eec5c3c5fc5722492f2a487445cbd319f336635f5e5b06de8daec0ee0de1bf8c3e8f066a4398cbb08e56ddd5c1d2e6bad8dd5ba5ec41fdf8b4540e240cc25a60522d3500687693c0df3d465e59854fa8a18446277c43e1d9b24c8b30505c315d2d7616afb0f518821866a3da25a7016e507d529163d4631e5a8f1ea6c1bcacf57f229ff0097aa82f10f07e7f24854d51cd1b92c3fdda9b65e87afa74c0ee6bc132bb4a43c6159e7289d0289452b0216ec02415363d2b0559c8dce620601f968242cc1e9751002865d5e61ef1ba3474d75381c80e7e39514ea3cd935b3d97548da45729b82a0a89255bbdea2d2686815bf6763cc94b4b6cad486169b279c13c372c39833195021d571c61c062d5b90cc56c11d540bc347f05bbc7cb7cc6cab22c5a52ab98da98b5b5b7a56c30eb3fc373264320790abcc7546b211a610b408fac51bb221a0456b92f56c30de6e133eae623c840793528cc39b4e7c629753d061023fa5190ee08c2fbad38853ef9583b1037b6e1ba75f33e7beca533de1c8e59d66949602258cc7e6009562c18d1dc6fee90474c336f0621531b6624310590451d27d573030241ab6a0c6afa63b9787e63fa3aeb6b553a8894801cc91351dc17d31aba2d820def409c2198c8e6da28cacba264cb92019090f996a6d2dbd150c816c820ab3015d439a0c398efedc12376aacd00075865c3cb4cf3cf92749e153a91ce7331ad14a2b0e48210e9f2fe6fa6c3aef85f87f85e189d5d5a4609ab951b35a45abded02b6bdfadd5ed588c7c9e687342f369a391631ce526269340f3167ddea30e08b01a4600d6f890c945987cc991b52440da0e6020c7ca55d0caac46b129918b6feea004ef40a0cec9fba0ed35488c5f4d74f3288f14afd307e9ebfb04fe6971756294fa613fd3d7f609fcf361df92d1eccfea079156bf867f43cb7ec22fe45c3eccc21d190f4652a7e4451fe3863e18fd0f2dfb08bf9171acde55df3303e95e5c62425b510dad8051434d15a2d76c37adb6c4ee584fe229a4be17cbb682c1898e24890ea36aa84329046e1c1fb431afc94cbdee24235172bcc7d2cc58bf996f49f3127718866c9e6f2f220e62812cc0b49ad76d72091a21aeb6f34e1686a6d6bfa9890e3dc39b3448591165485951449bacc7416d442960abf55b816435114d450d1a6730adf78adfacf55293700cbbcdce688349e536493bafba6aeac7ad6148f83c0a8a8235d28fcc51faaf64ea1f1b63f8e0773de1e5b569172e80f2546ad3ef2b4aed5e450c5d8c608a1a806fbf796e16dc909aa072d22b49199095610a056b3a6d9b9c159c951b1a3bf59f0d9a049e23c80311b6574499ae170c8cb249146eebeeb328247c89f8e381c132db9f6686c9258f2d2d893649db724ef81a8385a725637cdc6e865532486504b22c0614f7811acbc41883dc36e48c6b2f9474951b9d976613012219cdc9a79f567412640d2c351f60806a3606034da730140a8f1913d4a2d5c8c42aa341a6f4d28f2df5adb6c3bc0947c0f32dcb1272c0562c4ac8ed4e655959c0283ccd4c83f501344d9182dc30681904b2aa6fa6bfce657fb12ff18f1580c59ff4dbf9ccaff664fe31e2b01801b95aeb7e452f277fecb631ea618f2c63d5181254fc967f97a851fc6f2ad2e5e5893486746405b70350ab228dd5dd77c41788f844bb4d1baa8861d2b1d5e923512f6c40250ac2cbab6b4362f4959ace710d398860052e41233027cda100dd47f69947dff0c40e5fc5b1cca03a6a59982222916caec803359ad05268587720b9aa18959d7595979996585a752e592466d4cc42f34310350375b462c9df626c6183f0212808f3a396592060aadba4ba1e72081619cb13ab65a68fb816be7b3d0093dd8d2e692104bb828501959db4b0a4b89caaede6d2411a8d2791e2ea1d13951c2fe5552ce4aa6b88b3ea60dbe97cbbc3cb34cbcb07a56042432fc2d5a4594e69246d68ecc51eec0c99f7082402604d22c56b5dd89df9caf0b5531093310f934a84a7f32c29082849176344efb51b71daedd40d09839a1214b9844843300007bd6c564dc844120074b02a076071acb491bc5afd91048658a35462cc4b98e095ef5116cb4dd689d06eace0425385f0295b97209219342326bd24169293eb58e9b24b891eaffde6cc4759ff000df08f658b95b1f36cc3ba80aab63a02115576d8e9bea4e21387f89348440b146a5cc6d6e7eadd64657d4cc772c239d97a1f20bf7a838fca92740411b3b3494a1aed56658d40afb6cae18feaef6302115e294fa61fd397f609fcf362ebc529f4c67fa727ec13f9e5c2bf25bfd9bfd4379fa2b5fc31fa1e5bf6117f22e253117e19fd0f2dfb08bf91719c5b3ac8d02a100c92853609f200ccdd08d27600137b902b7c48585d995df12c934a62a755549048ca549d7a6e803a869a6a6ba3b81808ce22c9cc7833441cc348eeccb22e955590f94e93416368ce9d8128adb162312d9df1549199b5425943ba4685587300d6356aa202ea89d7a1b2e84e95a66eb8c4ea1e45e4c434342843c5ab50902a196f6fab412017e88eb62ec4a84bf147133448b3f2e48dc056589c9d679800075e9d3a63951836a068f420622f2f140ace89382a89223a4b03b111cad6f6559451e49b35d029ee09513893a3283044a3cadab955cb66934eb90758db93246e0773cc048d385165530cced142c56410adc155aa4e59775249d3b9637434efd3021210471c728639c259579243c6e4e96112ee4b6ae60685c876ba121bbea64f806435185d66561978f91422913502b11045c95ba843b861d2ab0d237629213968ad4c71c6393bea9a57058863b298a48d8aeda499013d86978b4f082bcb8d34b2a3848da94b18179868f4fac635fab1937b6c211ae330239df10ca55c42017d7308c1463f9b5a4422c5b4920241b0345fa5e0b46042a93e9bff003994feccbfc63c56631667d37fe7729fd997f8c78acc605a2afe553f23eab6b8f530c7965717d70cfa41c84cc104a6363d04aa545fa6af77f7e237ab1d49eea0c734123e2f5457a45dd6f86f2e422675768d4b27ba481b7cb0e41c0a78df8f36596348c8579491ac94f228ad4407602e8ec4f947722c58e706892b3d1a4eacf0c6e654e714cfc5978ccb29d2808b2149dec01b004ddd62213c5d943976cc1d4b187d1e65f333801bca3bec6efe07a561d70047932ea67759d5e9d4958fdc34ca1b4128cc0fda5dba55f5c0cf84a4cba64e77cc04d11e69986a00d3058f4e91fade958adce748dd62b4d2a348d37120b8b5cd1f09cc19b005b332333ae488fc3fe26cbe6cb2c5a832f98ab81757d45120ef5f2db13f43013e188659f352f1078cc71b47a62523cccbe5f37e0bf7dedb004b6838f669638338f2068a6979660083caac5c02add4b0d366f6df036a5afd8d5356d91be21148e516267e22092d968826c6f61ba651ee81e83d7efc6681e8300fc378a66bfa2e625943c79a90466108072f5ea285586e6b4ef783bc3b5d8966ad44d230483e5a83045c0c88f2598a4fe993f4e4fd827f3cb8b4b8e789b2b94039f3052458400b311ea156cd7c7a6299fa41e39167734b343ab42c6abe6146c339e9e9e6181f92d9ecc63bc70e8b5eeaecf0cfe8796fd845fc8b894c017863c7f9110c30bca63748d10975216d5403e616a06dd4918398a40c01041077047423d47c312160a8c731df1085c4d9747ad48ada4d8b00d1f517d0e13cfe75228da4734a82d8d1343e437c43f8d38cb6572fae3035bb08d492a029366c8245d007a7ccd0b38e7c2a659a02f34a27492f48658ac004ab06313346c091b574efbec2315f08560a0452155df86623798ce2c475df94aeb29e30cabc72ca198246402596b516ba0a3a926ba55e338178bb2d9a7288595eac2b85f301dc69241f5aeb883f0fc7006e23cf11f24660921c0d234bc95b7ceab0af0646ce67573c23290468523276327bc2ebd3cc7f70f5aac3df6fb7cd6ea9b36ced152ce1024191125a086c61f88926f0440bc591d6330079be33990b366c4a0430ce62e4681e64565524b7bdac93b56c31cb71bcd696cef3472567e57b3e81bc7a826ad5ef6bb37e989f1477a6ab38d85e778d37fe2fd39677ff00b78a3ec6633115c6b8ee5f28a1b312aa03d06e49af45164fdc316ac6012602ae3e9bff003b94feccbfc63c5663069f493e25833b24060d4446ae0965d37a8ad55eff0064fa602c6206f5aabd37329530e1061deab631a071b5c5c3c3be89f2eac0cb34928fd500203f3ab6fc08c2912574765da69d1d9db8f8faff0029c7d1bf11ccb6463faa3205665562e01d2a761b8dc0dd6fe1f0c4cf19ca4999408f97229832b2ca81918742a6bae338c6665caac09978a1111748403a8682c696828ad3eb881cd78c7328d2a6884b47cfd82cbb7241f3593a581340a8208bbdb15beb31bf0bbd163650ad55de352005c91788f4efcd10708827810a88a47258b1792756249a1e9406c36000c41cde10d51f2cc5369e6349f9e86f538507ec5500a2bbf5c3de05e22965cdb432347a4ebd02301bdc2372e24241a3bab20dff007c33f8b7302266e64523689198225180a38505f720871d8807718435689689cb2f456d1a5b5b6a1c061d6399df30795fe89c1f0a4c9e684e615ec7bd994aad4a4fba97d05561ee53c3c63916410ca5118bc7034c8638dcdeea2be3b0276c77c6f3d9bf6b48f2ec4831249a34c7a7df60c5cb5305d35eeef75889938be70eb02490ca527e6c023a106956319460b764850376d5788754a4d3706df694cd1b5566038c5c6b78237db28b03c637a94c8f878c522388a5658cb345134e863899aeca8d37dcd5935822f6ccc7ff004dff00f55ff2c0ec7e213ce85f4e64c7c865907265de51a083412cec4ee36c23e1f9336678f59cc96b93da4480f240df472bb75aaaed77896ed14f26ebc3eea8ab42b3e5d5489037cf1d7cbab86aa9de2f999259e592524c8cedaafb106abeeaaaed584b27949256d31233b7a22963fbba0f8e2fee25e0dca4b319cc28643ef6a5d4ac7d597a13f1d8e1a184c2cd00d015555808d342d36a15a4123ece2d7cb42d54f6e6930d6eee5f2ddd15570781738c2d84717c247dff00fd037efc585e0b33e4b2ed0ca52601898c2bb0d2a40b51a9077b3f7e11e31c6a284d312cc7a20dcffe310595e3ced231edb9e59f357c010a0fc8fc8631d4db05337fbc2c9b4ed94ecca8664ee197d7d54ff16f18453c6f0cf939554ec6da3b041d8a952770475c46643c7d0651a44299a95b55333c88c3cb62940a03f0b3df0d24c91752cb6a19763d2afb82c373bec7ff009c09e73c393a9fab8a49057555bafee13fe188d93687d525ce11a5bea8d822a8736ad9b36178f393e43289dea7f3be27c8c8250d1e6c0925e7353c3d6a4d858f77eb09defa0df0f43c11a7d5be6d5f479034a9b174357a136a0dd8f51b600f87e4cc93244d6b6d4c0ec40efd7a1a0705d1641e6672aa4d9ebb002f7adcfa562ea81addcbb74da220b8e11ba6da7a08f252d95e2996791752e60066591e232288a49855b30009b2403b9a270d26f15e4c4ec4c19a004bcc6cbeb8f966607ae9eb77bd5d1c24fc06600109d3d08bc77c572314922f32368e615e706849b5806c7527e03d2c621af1bc24752666d713bb39b77cc6aa7dbe9720068e5a60475169fe78acfc49c5db35999276bf331d20fd951eeafa6c3d3bd9ef89b8e71a4a301a4f42de6a23e7f64deff71ed461f8ef0e0843a02109a2363a1c751b763d474eb8b1b57158a9a5b1d2a0e25a3828a18d0c6c1c6b16b5737dabf899cfe8b063d4e31e58c7aa30e3358aafe4d3ff002f5501c5788a6a995e349065e25cc55d9d772691a6b63719a3b9dc6d865c333b93cc3f2fd9e3d4dae436a846b609a835efcd2ae2c576604f94e0ab48f4c42cd9668f30648a2d8c321720463992dae8167cd75afb85dc620b41cc2ce091928c8bc4112e8748621cc01ac380cb1ea8d7cde5d982b862b74a01b22813a8fc4d188cb726343e40e8ce14eb91cc617ddf353800b7ba77209037ef83e7f37cd4866889216e57d0289dd7c8ca42d1a5737b9b9050d3a42b9a39c2cda13cbcc4209e50fa9465d48079bccdea4eeb7ee301661037225299cf10e894462347de342449b86934f6d3ee02f18d5dcbaed8e73fe24646902c21954baa36bad6c8b6cb5a6f56a05001767f73712e7984474146d28640dc9d9c3a17dc16d4ba0ba8e857483beac74ed9d2beecbab4c446d97d9d895976b3e555a603ad93b9e819425d7c531950404369a80120fb7272e21b0e8772c7ec577eb898e179a32c4b215d377546c10090181a16ac0061f0230b409e5008dea8d817f1badbf0db0be042cc067880ca734cb12ddc71db1d80de5ff5b60cf021c7f3dcbccbfc638ff8c98aab10192569d941352c26c5319f80c645c8e59c8ad42857cbff0037f76128785c116e2efd6ffcbfc70ca7e2649eb845b32cdd31848a64ce112ba3ee9f162767c93d9c2ffbb3a5be24d7dff7615694680c2bcb40d7aedd7bfdfdf0cb299766364797d7a0c3c8f28353107a9ea7d3eeac515f1b482de9dd959846539269c4382473c91cda873108228e9b1e84d5900ee3a771df12232fd6a96fa8f8fafee188d9a378fcc4022cf4ea16f6aeb787a67bd35e6bdef12d7e310e9b28702dc8d92f1a7a9071acc922bd0e120c00dfafc3fc7e38e609daf4f51fe78b318c955c54766f80c6e47d922cd2f43dfa76fbb023e22c84d4d63beb347621436e3e409dbad59c5881ac511e61b7cfefc20f186d8815f7625b5034cad2daef00b4dc2a6d71d0c4b7893839cbcb43dc6b287d3d57eeb1f75622463a2c32242c1ed1209611c7e894820673e5526859aec36df1ea318f37f87a2426466bb1190076dc36e7e558f480c2b2a62a8e6e91f30b13eae2a6d6693f3ba4e6934a93b0a04ee686dea7b0f8e05f89f1e89a281678c059e213382db269d0fa492bbd80f4362c52bb920ac8bc31e2992e6c46314b6577a06806076bdaf6dbd0e2d5521c97d9d204995a5d0c4269b42481cc62c695afeaf5bfa15ebb13862b9ecbb0113c2d4c61d415ba031bc3e5b505903a08aecd9606c6256026378f2e27cbeb000588140c080e0e840bb0d07ee03a50a3de63374793edd0a4b680594d55a3491a7a025fcfa7eee988909831c721c7bee10f2f15808d7223a8d21c9e62dfe6a59581a8c5efcc422cea205f6c3ce199c8a29d824401462aa5e53a4306747a023b1e76db48218bb774204fb643327fdea0b3beddbcf75e51bd15a366b49eb670ae4323980e0cb32ba8de82004fbdd76ec585115eef7d47129533e1fe28e74b0a2c6b52a87be674460e54fbb449e59f2837564580689b09ac6074007ddfebd4e14c085980cf1042a734ecc090b1463e1bf3abefbfc3e75833c0478bb8808a6909dea38c85fd624c800fbced8aeac61bad1b2cf896434e554aa965248b2059201e97b559f4247dd890e1fcb66ad06abccdaa8a8f5f4fc711bc078258a67d80064737dffc491d31cf1de39141e51e58c1d946ece47c06ec71842edbc88826fbf87f2a7573f9557d20b31aeac5687fe71b8645276a17b81b77df15ce4f3b34aec52008b7b17bd55eb5740ffabc11c198703ccfb815d86de9b0baadab095585ce0494ada32d96cf345a840dc8bed8415556f48ab3f87cbd077c34f0eb2b1653649f74593eb64f615feaf1d6633617aa9158aded22152f181c5ab6e3a9adff00d7f8e133200ba98807d711f9ee371a2922c9f4aef87797c821a926fac6fd4fb0bf0afb5f33fbb15e7920119943797f13b7b4346b1bcb1df58d4bb2dedb81dbe583460c402457c0d0ff00e0fdf841b39a765508bd80a03b7a6113293d49ff00578b61ad0873f11b0515e35cb07cab1fb51b2b0fbce93fb98e2b918b4b3f1f3a2923bf791803f1ab1fbf156038dbb23a5a7cd62db2c1a3cfe8a5781c95ccdc0b8cd827aecc36f8effeaf1e83c871acbcdb453c721f457527f0bbc79db8470b6cc39553b81754c49ebb008ac49dbd3047c2380e739808cac8be4f36a8dc2f97706c82756fd7afc056079349ee70124c5bc86ab39a4d14c3a6e66de56fa2bd247a04fa6f814e09e249b3531e5c69c80cc2d84aafa4580f65741b22b403a85ef5be37c338acd142239f2f999980f7963bb5206c7569248b23a6e00277388acbe49b2736b8a1cc728bdf2a3cbc4cfe604e82faff00343f76dbe2dc78a08e7dfaaba9d26863c3c7c447c3a71e79469748f1fcaa65b88c5242b4cd1e6266ea6df97986bdfe3d8610e1dc0a17e1524ee0194acb21949b60c85a85fa1d3b8ee49c4d66ae6cdc599f67cca8851818da24f3eb575ebccff8ba51c0f3f0775d51c633eb9566d46210a9defa6ae65741e9d85d9c545b72627fd0baea33689a6c69796b9a1b26f2435cf386d7c882376e24225cb71c94653281155e79e914c84e9f2836ec46e7ca2f6eb78e22f13666493d9a38a2199567126a2dcb5540a430af31d458003b6f788ecd34ace0470e6e24879672d59707432a9560de61a95948ead7d7a77de5b87496268d334999d5233caf0c55207a0574990000695a17db0f88da0f7f759bc3a1049024c919d89b898fed00804678b20422ff000ff1239888395d0c1991d6ef4ba9a201ee2f7c4ae02f86f16194811464b3efbb163c952c5d9ad8901ec5924fa561f47e2d06bfa0e785fac076dc8df7dba5fe18b5aeb095ceacc1e23b08b498f2ddd9beaa7b359a48c6a91d507ab1007efc569e2774cd6795a275914222a853b193549d48db6047cace1f3f0fcdcaacf28b99f51ad12908092552f45528a06bbd9def0cb8178664cbb060b26bdf7e5b11a88dcded5b13dbbfc315547170885b365a6da6ec78afbb4929cf16cc726331c4aee505b6804b3301b9a1f80c30f0ff0086398c649880edbee06a03a80a37207ceb7df7c12e5f2445dc52f4002e96d24fa9d89dfb93d311dfd2237de29751bd844e41f9328dba6dd3b6d84c1bd5de2100869beb6ee509f1bf13410cf240b08768cd6b25a8fdc08f97dd88fcc78f2051432b1135bea248bf90dff1387bc3385cd229e6646712024d989d6f551ded6985d8ebd28efd97cf7851cbabae49ebdd6508e08a1d46dd3e7f8e1204e4b5588fc43aff002a3325e36cccc4c5978218d48b6d2a50b81d4027a9adfb1f4c4864f332ec5dafe76763db7dc0e9f80c4947c0245008cb483e0236fc7a1c3d8b83e65d0b08180e94410cdf207a7eec439988447aa5069b412e220f11f742599e139a9a470678638a8693a59dbeea0b5f793be0a72f97ccc718065cb4808152bbc9196f5b411b007becc7eec389722d15471e5657a36ce63720917b74f701e83bd77c0ff16f6b79405c966dcfda6e5c8aa0fcca6ff77e388f0c4406fafaaa08a6ec9c45f509b1e293b9a4e4d9274967203815baec76f30eb8522cb67b7b29bf7336c3e034ad8fb861de53c3f29561264890f44a18a461600ad8f97b0edfe7874fe1467826d30cb1c817544155c02c07bba6a8290a050a3d288c6576cd51c6c47307ee12ff00c949932d2471cff9e1f65112f15923765d99541162fad0249bdeb73fdd3ea3013895cd453452879e39226656d9a365d44d5b0d75b026f6f51bf6c466376c949d4c10ee0b9d58d7719ac2272cb9e48bfe8c64419b218f9994e8f985727f7626e3c9298e3904d2d4f1978979b2129ca81da5ba6dc8982a8bf8f5c0e7d1d9acec7e4bb2cbaabdd06398fdd6540fc71171c9b0dfb7afae353732ab249027bb93ea8d331c1648735948a4cc4ceb33e9604b2114c1585876f5ea0e165e0924a236126632ecc06b82e491d754a6357d2ccac23a1a893d00ef808337fc5d3a6fd3fd5635cddef56feb7864a8938be425861120cdc8edf55a802da7eb4484696d6750fab3d875189dcd7075d2086cd25249f6e42cf22c3cc1e53e471b13aa262a765a17602f84ac6ec44ae28212aa640819c5529720851458dd76aef89accc5c3d01d39895ca464a10e3762c000056de5b246d581109de6380c91876933738440ed61589755f67a2a0c801b33d5dd797f050f86a6d7a3da7340d477713dab484f5a94ae8403cee090b6075c33e2196c820974cccfa41e5289e33ac2f6b16058028100fc2e81438bc79355d514ace448ca473d093106ad86cde651760118110a344f304327b45d369d1ce6d4df102ef476d582b97826a1f57989feb089a3085e47f677e52a8d1a85d3c8c59af6087d711678570fbd2338a483d4b80192bb12b40eb61b13d118d6fb665787e482c5cccc80fb09196743a0ea414a0036a559fcd74b57be050a4e5e06da63559e5d64a867576606bdb351505d410790b5be184390749e78a49e5711344829dd6ccb2c49ab66b14ae76f5ac32872d952661ced0174f2bebe3dae39093b587a9022d291418efb639e270431a48d95cd2bd80a433adb28bd434b00c4eb8d1850d811575781088e5e0caaeafed1218356619d8cc57c91f295632ccc155c4ce52c9deaf10bc6207816ccb2314cc3467eb1ea58f4a488c0ded68db91ea31b8f8764b5c81b3434093cb5321b8cd692687bdaaefd05135d70e065b22c91a1cc9640f62e5897407e5d96045ead2349eb5a7b01814a712f0a32a33c52c90e88a3723992496d243cdf35b0d0834950c01bbdc6d86599c9b8e20901927485e554562efb8f2ead2c4d1366be048c32cc65f281e35598856a32b7303045504ba0217cc6c05535bd0d8d8c666b2396124359857899c873cc5d4aa5db49a3bafd585b24506be98108824e163913485b308e2357d1cc90f25b931c8c8d7ded8ecf44dd0dc1c44e676cce5d2333ba4d1c2423ccea4b4a2812cb75b904d6dd71daf0ec86b20e6c51666239abbc611b482c4692fce036d5ee9efef14db2591537ed1ae8c9b0940210090c74da482daa35040ffd407b6e213991e3759796644067582195f332559dd99c1d82855bea7df03b6146e1e067445ce99a2e473542ca5da4223d543964d92413a57a8e9b107101c6a1cbaaa1864d564d8d61ad74c6431000d0c58ba943b8d23ef8b126e0dee3a1be958108d78de43959695d5a6d69211a8cb295d3cd28154d0577006ea688dcf6c48e538221315c9986531d96124b72311973a95545941cd22d09008dfdd2715cf336abdaeeafbfafcf1b12f4f374e9bf4f9604224e3fc33999787548d71be654331d56048a0027bfbbd41ac020c5959154ff006744ee7caa67f2ed46fa6fdb7adf15a0c237f110b4d574d2a634c5eaa6bc3dc67d99662ace92b2af29d551b4904dd8735441ae870bbf8cb3d634e64d0f5832dbfe11e07f19892d132aa6d52d110398947391f1fb042b2962c46ccb141b7c68d0c3d8fe90e2037595be262cbff81c5758d60c2a4d62770e8158f3fd234450858e457db4b72e0af9117d0e07b8df8f33b269f6778e10a4d9e5444b8217ded4ac2c107a575c0d633061bcdd1e298881d11bf06f1fb088a6675349da48e283f783a47eec769e3e3b025fe244305d7c8ed75f1c0263311838a915c8dcde8158bc43e9163615123c5b0f372a063f1345aafeff00f2c76bf48b1778e5e9ff00a707e3d715be33138789ea97c53a0e8ac0cefd218d44c4afa685068e01bf96ecd37a1aaf5e9d30da2f1f30f78bb7ff008f2e3f82e02319882ce27aa6f1ce8de811fc7f48e756f10d35fa91937f1e8308378fe427a955f55860d43e5ab6e9b7f9e01f1985f086a7aa9f1cfe96f4468be3d935379988f3691ca805583a6f6ec6bf0c2dff00fa0b577bf5e541fe5806c6627c21a9ea553368ff0068fa2fa43fd656aaed1417784a5f1f9bf2eaaf8c300fe17806c660f084449eaa37423d8be907ca430626880795075a347a8e8710dc57c6d9c663c89b96b648b872e68761ba1e83bdf7c0de35860c035568aa40881d118705f1ee612bda584bb6f5143f88a0b8977fa4588b5f2e403d04707e3449b3f7e2b8c6f11806a7aa0d6262c3a045fe28f17266a0e585756b077540b5609f74ee761db01e31bc6b0c1a02875473800774fcd7ffd9);
INSERT INTO `posts` (`post_id`, `post_usr`, `post_addr`, `post_txt`, `post_img`) VALUES
(35, 4, 'Via del Viminale 69', 'Stiamo organizzando un torneo condominiale, chi vuole partecipare?', 0xffd8ffe000104a46494600010100000100010000ffdb0084000906071414131614141416161618191f1a191819181b21211b1b1b1e211c201b191b192029231e1b26211c19233223262a2c2f2f2f1b20353a352d39292e2f2c010a0a0a0e0d0e1c10101c2f2621262e2e30312e2e34312e372e2e2e2e2c2e2e2e2e302e2e2e2e2e2e2e2e2e2e2e2e302e30302e2e2e2e2e2e2e2e2e2e2e2e2e2effc0001108010b00bd03012200021101031101ffc4001c0000020301010101000000000000000000040503060702010008ffc4004310000201020403060208020806030100000102110003041221310541510613226171813291074252a1b1c1d1f01423243362728292e1f11516438393c273a2b2b3ffc4001a010003010101010000000000000000000000010203040506ffc40032110002020103020404060105010000000000010211031221310441132251617181a1f00514324291b1e12425c1d1f123ffda000c03010002110311003f00d44246d5e77753915ca9a604392a3b968c69ad18c4733505dbeb1a1d69ee008ad5eddb59840315daa66da96df576c432778f6952cab4a9020977199a41074037d34a19a421aaf70872f6ce571ef53aa693ca957fccacf66ce745762b6fbc80d205d7c81be1caa0e840264ebd359b8521b961d599bfacbcb218e6005d6021b940803a54a7ea6b2e9e5156f6de83854a6eb4472aacf02b56ff0085bcb74c5b17ae02c5d810aac342d33c80f3f7a9bb2890b79d332d9770d690b4954035620924063ac728a654fa64949df0eb8e7fc8ed4576a955bbdc659d48032c361dd5d4b0cc972e85d330530403aec41a97b69626c87ccd2ae8000c40f13a82481b98ebd69d8a3d34b528c9d5baf52c616b874355fed860adb05f04e22e916ad1cce23524b1506085049dba515c649b16f0f66ddc28ace964dc2012ab94ed9b4cc72c49eb458bf2e9a4d3dddf2bd3b8ded8af184520c3f112ac96b35f62b8916d8dc6b60eb6cb0136d7c491060c1923a4573ff357f292e1b63c565ef101b6c8c172edce77e51458df4792f657f7b1628a910d568f682e29756b56f3a359585b84a9ef89035cba440e46bab7da0b8c5545a4ef73dcb64172126d4662182c99911a75a05f93c9e9f5f62d0db544fb8a1f846385fb36ef052b9d660f2e444f3f5a29975a0c25171938be51e17e75e07af1a22b8a0474f26bd1763957ca27a7b9af0dbf5a4d804b5d9072d2abf8b00c33419f6f5a0ad63dd5481cf73e4297f12bf220aebf855275ca124dba434c4711b6090a4b74a87f8866d8114970ee66897e309aa86048dc0a4a6e5c23a1463119dbcd33315e62f0966e1cd7111cc46a01d06b06794d016312584ce95cdebd1ce938b2a39945ecc63796d330628a58441207d5323e476e94cf09795540000925b41cd8c93ea4926ab9c431b6b0b804c45cb1dfdcbb71b2af78c9e1f13039d412172a0e5bb451fda1c5dbc31b4ab8605dad9779c45c5eef60008073eb9872f87cf4144cb2e5d4a83df0b8764286da1466cc56041626648eb3ad7383c2d8b39bba444cda365004c758f535070bc15b5b66c5df1e2458375c93fd5cf85574e7a1f704f314bece2d2d60ace22e5b17aedf78b6acc400b04ce80e9954b4c6ec05374478b3aab74c676709875040b68069b01f54cafc8ea3a54d886b4e32b80cb20c11a48d4522e1b73f88bc5dd52c58b681ef0562405424f8890356dbfbaadcea5ed05eb6a70972d2e44bf65ae653ff006c89f301eb2b7c9a6a6deedd8e0dfb46e2b1405d642b11aa86de3a4d498a6b4ea55c2ba9dc30041f635531c4493eb5cdee264024d0a6ee82b877c164b187c320012da2c367002810d119bd634ae06070ea18dbb6885c30cc117eb6f236236d36aac7f1da0d6bab58dd5b35c00059f32792c1f3dfd2b44d09e4c89dea658385708b36b34e572e50c045551ddce5caa3404124cf534cb1584c2b82ad6adb02e5cf846aedf137a9e646f5494e2a637aeffe2a6ab484b34e4f536ecbea5cb6005585510000340068200e5e42a26c42c1335491c5cf5a95f8b10a35d4ebedb0fce8a332dc98b5af7bf5aa65ae2de7529e27cb9fef7a5408b7add53cc75deb8b98a00eff007d551b1a7ad783164ed499543b36e75803eeff00414ab18581102416d6ac98cc181246dca9762f0a7bb62371afcaa272bd8db0c1558ab1f7d6da1274159c3e148bc6e23b282663f526ac9dabc7e7b8117e141af9b11f9577d8ee06b89766b9ada4396018ccfa1831ac00413b7c43ceae326b83d6c5d2e1c58bc6cfbaec85838cdd0328b91f2a2709c52eb12a4869075da206f3eb1566e2ff0047972eddcf6316d61348b41254690465565041de5b36e6a4ed4f6516cd86bf87195913f9806819446660a3453a1240006f551b724ace2ea3ace9a78a4a38a9f66a8338fb5a6c460f0cae86d5a450c730cb048064cc0216d37f9fcebcc5e32cdcc7e22fdc7536b0aaa400c26e145ceaaa275872e74e617a9aceec5d69001d091234d75ab9370cb65408431d00d3e62b6cb85e3693678f0caa4ad0ebb3dc76d5dbf75aee1ed61ee5db44b5def8b678cab97c4abc88dba5418fe1d6efd8c0ad8c461b258b5961eec4f8514465076cac0cf5aa271863de152740054fd9db62e5d08e01077ff2b1dfd85466c7e16179a5c257ee5e39ebc8b1ae4b6e331d6b0d64617bab78b6ba3bcbc45d2a9f142286552580cbb69b4fd6a83b538cb776df0f64c89165e6dabe6eee45a2109d0e9046a06d52a705c3aec91fe26fd6b9ff008261ceaab07aab1fd62bc15f8d61bfd2cf49f413f54231fbd6bd368be9e744e37871b446b9909804ee0f468d35ebedea4e1ed003604f9cfdd0457ad8ba8c7961ae0ece49639c25a64819ecc72a82f61c448dff00d3fde8ac55ec824cc93007efde84ff0088062161813a6dd0454293b34a55b91d8b13bcc51388c3721b72a62f82ca013394edafef588a80ddd36aa7924dec38c2342e3879d3efae7196e1829faa00fba4fdf34c6daf8d47531f3e7f9d0774e6667ea7f1fd9a6a4c971402bf7d1386511a839a779e5d2237f39af858da0fb5136add56a446927b0ba6b46228f9d7987b7e545777e550e565d165e318e45b25c111a65a4dc295ce1d9aef8b349ca790a271d835b8815a40586036fbaa6eebc194ed022a271b9df62b0bf299163043b81f68fe34c7b638fbf6387e18e159d14c778c83aacf888d81699ea6beed4e14dbc43e9018e61ef4c3b21c752d0366f36542651c9d04ee8d3b0e6396a7df78b3daebb14b3f490963deb95f22c7f45bc57117b048f88503c445b6d65d06cc41d84c81d40f9a8c563b1478c5bb64b052e73a2c95ee72b005b4d572e4327663c8e944f18fa41c2e0ee0b0c9759b2823ba45235d809613a46c08d68be3dda743866364c5d7b6246cd6c38ddc6e18498079d5455baf53e6e49d7c0cfad20ef32aec2e42fa0681f755d4619891154be1ea03db1c832fe35a7dc40402348adbf13b4e2bd919f471528b7ee67dda2b256fb03d07e15df6590ff1286741323fc0f5df6b1e7107fba2a5ec90fe68eb3ffa3d1d7bff006d937e8c3a75fead57a961ed0db0d68020105d343fdea5b6b0a2dba3db508732a90bf58130430e7a127ca2ac189c387194cee0e9d46b5c5bc22a9cda9239b1dbd390f5af8be9bab863e9e506adbbf86e8fa0cd8252c8a488f8cacd8b9e4a48f51a8fbc0a830d8424197611ca01fbe74f954ae7bf21135404177e46350aa79ea0491a72f432dda6cd115d9f87c3263c4ef6b7663d44a3296dd8aaf69f09f0132756dbac023f3aafdbc7ddb6c00400753a9f9d69af85fe65a300817066f43a48f431ed359bf1ab07f88be1eeaa059235680e498077cb3ad7ab1934ace5704cb470fbf7ae598700ac8ca40e7d34f23f7d44fd228aec7967c0c12245cd227c8ea677fd2886c199d7524d5a9ee2d1b02606dc9627eaa9fbf4fc4d71770b083cc93ec341ff00b534b1672a9d37207a81a91f857b7ac0cc4721a7cb7fbe6af522698a12c411346adb5e553dc207c3f3a86caf954f2cae104da20454c181f6a87274115c348aab268f703c436f2fbe8f7c71235daa9763104537c062198a2ab946260303972ce84e607e18d4fbd0cce12d235e27c297136e1b465f85fa7af955171fc06fda24142c3aaea0d5d2d718666b8e1d8a478010c494108acc77d478d891a163274a97f8b30746680c4ae999483006ff005a41f20c098134d59e874fd764c3fa5ede9c99a8c3b0d0061e427f0145e0787dccaf16d82e5df2c6c41fcaaf388bcbe2f10804a8262188cc379d0020027966f2d7e7750c5771d608075e5a41f626a949c774699faff1e0f1d249f3b19da341047233f2ad0f03c66c1b409ba069a827506ab9c4fb36d25acc329d72f31e9d452d3c131131dcdcff002d7a397c1ea526e54d1f3f1597a76d69b471c5f142ede771b13a7a0a71d95c31051c8d19c81e60237e735df08ec6deb866eff2939c9d4fe9565e27c31ed35a6b60b5a4d322813f0913a91ccd717e299a2fa778712bd9ff0046dd1636b2f8b3db7ff922e256f32aac912eb3048d27a8d68bc2f04b53e252f1b6762dff00e8d0aaecec83babab0e092c00103d09ab161d77af0ff000cc4e18ea51a767a7d5494dda7b5105a400003415e5c200dc7aced487b4bdb6b1879455ef6e0de0808a7a339dfd164fa5645c678dbdf7976ce49981303c84ec3c857ad277b344e1e95b5aa4e97f7f035ae2bda9c35a214dd2cd3ff004d4b47a91a7b4cd679da3c5d97bd71d2e5ccb71b31d186fbe600eb06791deab65d8e90239c981f39145602cda7682501f5603e666b3d299d6ba68b751fab358ec4f12c39c38b693e1681312e4804b44e83901e556238791b11eb598709cd64cda453d721633ea1763e645697d9de226ef859482003af4dba7a529e2a56833f4af14755fc49170a415d3e1058fafee285b987693f7d3abcde1263731ec35fd29617eba0e7ad6767081261aa5b763cabdc1e3ad5d68b771588df29fcff004a3ada1f6ad13a25ee09dd88e868539799f9d34b966686fe1475a7a977125e867c27debb6bba4103f5f9d776ac339cab9410b265a044c1249300f3dc50d9fdc566e5917630a431c65c5101d61a0102640f553aa373dcfa6b35de0f10ba280a3d840f3db414aae38ca083bcc8f97cfd7f4a86d139b4f99e83798f2ab4db5bf2526d705d385d8b459b3b20df580434742371d2bab184466390007c86f558b38c2021cc18ea0af4d4e87acefef4fb83714eeccc03d27f7bd6b092e18dce43ac361429124f98a748ba08f6a4187e208559eeba280264fe03ad4dc271ddedbef2db66424c790981bfa4fbd5d27c313949adc6589b88badc2a23ed74ebafb526e2dda9c35b394dcd4741cfeeaaef6a30388c4620a23dc032a9619bc014e905770646dacef02268ec2f6470e486ba998c007313248e660c7b6bea6a3ceed245e9c7149b60f7be902c0308a5bccc54577b6572e08b386bb71e748274f3f0d59707c0b0ea464b16c79e51f89a7b692040111cab2f0277c95e3c3b23f3f768addc62d774b4e182dcb69204ea3305e46742369d74a46974ed98935fa378cf02c2dc9bf7ad2342f8f30d085d7c5c9b69d694f6830366e60ae2d816d5161bf96ab00290c745d3e193ef56a2f86ce98751172495ef4b93072a4b6e3dcfe6689b78471ac1f50091f3008a3f13867b7a18f09d4e553ee246d151b923eadb93cf2653fa7bc1148f5174ea2edd9361b1634040f7ebe55a0f63b881189c285f85c5c56d79c291f7d65d73113a6581d6b4bfa26b02e5c0cc4ff2f3328e44c65d7fcdf753ddaa0ea32296192f446a77541f0f4fc6a9df48386664b562d8d6eb19f308260c729209f4f3ab805d7de9176bf0802bdf624aa59748d889d490794c0f90a9945477478106e5b199766eddd4c42a1190968959d64fa56bcc99373a8ac8780943770f6ed971705d5cec4821b319db944479c1ad82f0cc64ee75a71f37239ad0c0ee5e3ac0a80e2752378a3addb2490468363235ff006ae7b9f2832778eba47b53d28952666f85e2b9659d3c372173013b1d9ba98d4f5f5a21ed5a6f86e039869220c0d64035cdde0e0b6548206a67edb0d00d011b8d36902a3c658caeb71ad8b8b9848232c8113e1234cd1a91034d84d669c7b134d1162105b90a15e66095fbf72011437764890bcc684683c812662797df5f70de20d6aecdd42e91105b50232e87493100e9b74a2d78ba490d68904f2dc790eb5724fb09102e19989789ea5469ee06c2a5434461b136fbfb171740c4a497d468a60083fdadf4fc6991e1507ce620c69cf5e95253542cbb8737acdd4104850d044820309075e9e4475a7782bf72c2f7049d0f88c6ec373ee6a3c061f23b031adb6fd75f957dc5508bc587d60adaff006941f983342934c3f68ff09711b2e5d59be2279f21146358cad94c023dff000aaa70f2c9f5a57a1dfd8d39c063d83e6113fbeb5af895c11563c4b6640111cc9dfd3d68818724883107e6236fc0fb50d85c4a9cc48827a1d27ad31b0c409e7e9ca9a98b4906270a4ab24021811a9d351e86691f6430a061b50087672472892ba7940a71da1e222c61ee3e83c2635e6df9ee6a3e03872987b0a46bdda96eb9889323d49a9bb915ba8fcccb38ff00075b27202495254ceba0da7ca2ab4d84810015f23aa9f4d343f23d0d693f48b87b56d96ee67ef5c4045504340d18f311ce34206c37acb3156dee3345c407ec32edf79d69b67d4e0cfe2618ca9b67230858c64ba0f552c54ff984afbcd59bb11c60e0f3670bf149f103e1300e89acf4102b3fc658ba9f16dd46a0eb1bd4dc3f3e74d6258004edb8dcf4eb493a39a596126e128b5ea7e83b1da15772a8c0b0db2ed304c1d3cabee3a4ddb251ae15cc46aaa09633394020e87f0f9d515b88b60dd45db6e975465d468409dba882751caadb87c617cae04b328235d1430d48e93d7a0800eb5d18e50c8b647cfe48383b14f07ecc9b7883887b8677830483d499204791ff005b19e26a04e71946ed41dec38319fc6792c4afb2edfe2693e74560fb386e9ccd70aa8d800b33d46a408ebf2ad34c60b64439393dd81e3b8cbadbb9702b787455d6733100668e7a839790dfc82b09c4ae0ccb685b1d1e013ec4cfceae987e0b69405018c08d58fce3e19f38a35ac03d6b9f2f9b82e12d262b81ed26200ccce5974feb6da3693cae021c8f31b539bfc6f0ed272cb1225436593201feb2790d62b2b5b47ed1f99a3f05820d6ee3b620db16a1882b71bc248504159dd9a23deb39e151572e3e1ff444726a748d32ce130f8919466430347b7111a7c76c90419f9ced42e2bb32b6ee0964752547c7e286800159cda9801b966daa8d6381dd0f02f81755ed2dd506e036fbe655539b40d05d642ed345bf05be4dc3dfb395b79c292e19bc4cb972bea0f80959d1b48a8593126ae5fdfdf734d137d8d5f0f610b2cda1291120784913034d0091a7dc34a5fda2b8f9dc830f6a36d7c2d12093d2508f561e55446c2deb6acddedd721f2422dd20b00bbb0f0a4e600162069e55e632fb80e7bf6bb96e774e033c23c1d25a257c2c330e62b69e6c724945ddfc4958e71dda2c76f1ed2c6037858787d234cdf9c515c271e988b2a14ff3ada6436c8d4804e83a900edfd911ad52f077093cfd668b3c318b8b96dcadc075dc03e7239d65287745c249aa65d3076411a90349d7a4c4cf4f4a3ef3dab29dedeb812d8804fa98007b91f3a0b85dece325c72c40900ee394f949e5e46679018ee1988c4cd9b8a2dd8cd316c925c410019db52589d761d26b4718c7764a4df05c785deb37d335a00c8947930db4733a1ebd298e1336cc3f3f95677d83c2dec0dd7b4f715b0cc66d86f8836a4c44f87d69bf6a7b5576d284c3a3bddba72218921898dbe512289b8d6a435096aa673dadbbfc4e26c60ad90c33837448d06e4100c985075f3e53571e2369d82a4100b82c47d91ac69cc902ab3d87e0230b2f7995f13707f31899235042291cb7963b98e42ae5bc103de76ff43d2b38dc5b90e6d3d970653dbaef5f197109eed72a2ab113284162141eac1a7d00f50b867651ae27c50b246769d4f3803f281cb95691dafc02dfc3e65226d9cf31b851e259e8474e6052b0d930f68007440207522493ee49f7a2ab93d5875ed618a86cf8fe3bfcccc3b63d9d7c35bef15d596729d0ea482755331a03ccedcb9d3ede20c664952a43687e13b48e9ac7dd5a776e0e7c1df9d0ab5a683e6e17ff006acb78768e01f85fc07fc5a09f2060fb5325669cdad46f1c52d1e2584c2bb44140ce3605be1713d332f2f4e7535d60a2075e5d6a0ec3385e198693b2dc1aee22ebc8f5a8b16979f4519664c930157a93f68f21ca64f2aebc5c59e5e5da4e3d93674a19ce50d19b9f4aeb0d8ec4e108ce0bda3afecd2bc3e3da40b76cdc8319842288d34ce648f4157cc1dcef6c89b67687522489e6bd7ad61d5e2d5528b6999c42783f13b7884cc920f30791a3caab6e018f7a030b8316d72a881fd9d3f0a9c12369a8849a5bf2551f97e298e030975ed5c086d85b856d1cec016690ea89988198e5a5f346e178a2db408d685ccb745e526e1501954a89014e65d67715b66d5a3caadec736271d5e6d96e1ad89c5e7b4a16df797191f44f1dc361e145e33b06b7afc3f0ea6a2c3dec55c76b56decbf768ae6e5b60c612e1b8ab9c3112189017a7ceb8c3715baf7ad3aa07b881c1024f79de33bbf846aba5c61a4c44f9547c138c0b5e2b165515ae2b1cf73bc916f37814941964b6fb88ae3962c95b415fd2fdf7f4a3ae39617bc9d7f808bb88c4deba96d92c31ba7beb6c15b32e7f092873c299b5ce62268fbd6dae0666bd8616d6e07636d9007bac1a0bb6620bfc7a08dc98d686c3710617ad2ae18adcb63bb597620ac926de4c80968bc06867c4a635145e0f1c550a5bb4515b2fc38820f8411ab0b7a839b6f2de94e338a5a60957c3e6529c5bf34bfbf409c270f59b60b5997f822e2cb6b1a09d75047ad1787b39b6b8a65b2af8d4e620490a67c446931e95e60090c8d957f96a02ebb90c5fa787531ce8bc1e19d72284b6cf6e63392321689311e212a3a1906b39cb2af4fbba1c7c31ef666d1f8890472d3f7d69df15c62dbb64f38a4b80b82ca22132429d7ac4127ff00b03ee2aa1da8e3a5d58cc006147da3fa56f2934a8bc7016f14e2576ee21724e60c16d89facc409fcbdeb4eecff0002162da1b87bd7982dd07f601dc031acfe949be8d7b1c722e2af8966136d7a0fb47ccf2f9d68188c3181957590069f08f3fdf3ac14c595abd8f6d20206d03f7b72aeaee26dda5ceeea8a399d22a6ee4eab30634313ac6e475aa87d2bdab23099ae4821bc047daf3f2aebc31529a8bee61274ad174b0eb713460eac37ea0fa795679db2c7b6197bb4d728d5bf7ce290f613b6ef875362ea961bdb93113ca4f2a4fdb8ed277cc54a35b24c49d8cf29ad3aac4f13d2fed1b74c9c96aec2ebbc49ef617144fc25ad0d4f47cdf90aac59b609ca740749e9e756dc6701bb670e14ab286866306260e51f269f7155bfe1ccf5ae584934762d8d371bc79b09c37059101bb712e36a7c21b3e67668d4ead3d3cc56718ee358ec4b1cf7dc29d4856c8a079e58d00d7526b46ed2f0a3738770e1c859624904fc591b97cf5acb78b9f19b6a640d0f99e9a6c2bd4c708ac6a4cf233646f2492f51cf04e18b7573392c9312c492c07383cbf715b57659059b488910cb9811241131ecc2527ae6e7ad643c0af9b96c25906e651e230401eec23db7ad2bb018f1714d9665176dc9c906729ca3309e5a1120c56bd4cb1bc749ab4638a3935db4e8b79c6b4998d3f7caa0bbc49c1f0e58f3ff004afaf5bca2237e940deb8823c31a73fde95e4b91db47e7c2d4d783f1bb96932226619d9a433a9f15bc844a7351e243ba34b0deabaacc743afe1e9b558bb298ec659c830f695956f660592e320bb702202cc085530a0092376e4d15d1672a544d77b5b7eedc52d62d8eed9ee2e5570b0e2e068e890fcbec2eba51d63b4d77bd7ba70e33b5b4b488a084056e0b9a8104a919864932be1272d7d67b4f8d5b4aab862a3bab6b6c95bc40cb6d01bb1a06565b1982084015890f0c4f5678e7139f15b1a5c6739ecdd0a09b641b6c4b80572490adaf2db4aa6d5703f99160fb4376e9b6e30f6c14bb6dc150fe35b4eec8a46d958dc7d46fe11ca9d60b8c624016dace616d196173ab295b46c8327e0877049d2093ce84ff008871137461e17bccb908453a0b7ded9ccc43e45199df5d1730430398c7b4f8f655c98758b9772aaf77710bbdf6378186b809526dce6f86160922a196958ecf18c4b2b08b56f366965cc0a6662de004f84f8e09fade03c854b88ed35db7e226d0fe6330259c925ee672b24e8a7458da00aab61f8f712bc6e595446536fba2ea335b1e02da5eb6e53bceed82fc4415540412297f11c3dfb5992f5b6b65582b161e092a1e33c652c01d54798d749db161c72de4d9192535c0cf8d716c55f0a8aaa3288cf99c92322246a085116c180772c79d00fc3b1005b53649199413d75eadcfcb99daad9d98e0b86b2bdeb2a67ba0328122148d0807513bfcbce5cf0cc05a37ee137a10a4aa3b3300ea4ea92672c6eb3130639d44960bd3b9b45e551b545f6d1810ca9940f0899d3969020454f6711a91040001f9ce9a7481f3aa1716c5626c2dabb688b9655c6760fab5b03585f20371ae875ab4f0fc725c5ccac0ab0907cb7af1a7ab13a2d3d436fe3adcc675cdd244cfa5523e9857360430880c0ee763b472f7fd6ac596dbead6d773a941cbcfcebec6e1edde416ee2a9491e13b6e028fcab4c1d4e89a930946d518df6c8a77786650031b2a1bce06e7ceab3c1dee3df4b484f8dc2e59d0e630010743bd3bfa49c5038a75580a80280361a52fec2cae205fdbbbd57fbc440f96a7d857a13cf29c69f1d8f41628e292d3cd2b370edfdb4186090200000f4d2b1fc1604b5d55512ccc1547524c0fbeae5da8ed12df29690b3b103692679d38ec7766511d2f5ccd9d4caa922263988f7deb9bc3949b6b83994e3054f90bfa4fb3dd60ec84faac2daf412840f61967dab03450589d627dcf9fad7e95edb7077c5611ed2467f897e4447c98d6078ae16f876eeee2c37ef6af414fc8a3e87069f33658b86f0f6c0d851720dbbe4dcb441f8961441f31f7861e70d93b2298d169f097bbaba1e2f36721ada1539b2e5d73481034067789a59c3f097319806b0866ee16ef788a7736ae0f101e8c0b7bc74abc7673076f0e81ad1f110258eed1e43402b9e116f23aa3a9cd784932eb89c348d0c798de95dfc0b13b7cb4a6184c68750750798223e5d47cebdbae41dfeeae5c93d2e9928fcb13e74f781718c45ab4d6ec5b0c5ae02b70807234a5c21411a9618749f14426db1a529809d45c481fdefc854f62e5db422ddfcba930b3b90016d57781bfac6e67a6736a3e5e7decc2095eff41a5de338f8ca5c8cd9123bb48662732e611abbc419dc12088267ebdc778a3c9d092083089f0b2a8eba4ada107a293ce6959c4624c45e10a55818502572e53014024655dfa46c4cf60e23c3fd21432c9002ac03e30740913171f7df37a567e24eb957f334a87bfd02d78bf13174decbe370175b2a549378dd10223377974c1e59a395417b8e713ba6db92ec2d957570abf15bce9243022097b80ac4312743a8afb0b6f18e0c5f6ca0112044edb10b3a4082351ca29a61782628024e25541990aabae625cc929aeacc474cc6226a1e59a5cafa95e4f7fa0b2d7693893062b902894d2da00aaaa8ad6d6750a05bb4481cd17aeb1e3b17c46fa325d4682e498b68ad9833b053a4950eee72f57f4ab0a702b8345bda9cd3089ae6d1a064d26350204806268b3c0982e76c439274e531a7f67506069d34d75144fa89c5ecd7af704a0d6f65078be37101e2e96439408db4da247c5a8239eab1cabdc2f1b780a5a40040dcc4c495e84c47a135a1daecfda9cd714dd68024f9b16d20012492498d4b19d68ec3704c3af8858b7d632fa6a23d6b097530ae37f634d6fb1564ed562ae61ede16d5b240017305e9b1d79803cab47ecee08e1f0e88cda9fc5bc446e7f62a1c16504655501b90811fa53396624e99799236f2f3d7a6b5cb9733c9b3120fc2963b44cfddebd7f5a9b137422992ba02c7cf2ebf8d0098a8f0a881bf998d77e9e4293f1ec6816dbbd62a23282ac8a5837d525f41046fa98e5bd69d342337a5f252abdf8318ed0634ddbf71bab1a7fc22c7776c75dcfa9fdc52dc060edff1568bdd536bbd52ca5d4c266d413001d3988e7ceaebf49f885b2a896d5517905000fbabd17e59281ae4ea355b5dc1b86f1083a455d78471426b10c1f152ac0cd5f3847142c00dab638cd8f825eb8dabb08e434fca9376ff00b376efdbef328cc39d0bc06f945106679559f137735923724512e023b316703c3d9b7614594559127a96eac799a5d7ed64b8ca223e203a06e5ec6457165ee59b64b68a0cee341c840d4d55fb51f4896acdc5010de60391ca0291b4c1d660ed59609c14b52f99591725f302dfcb3276ae6e715b6a62e5c543c81207e26b3bc4f6e131187be6d00acaaaddd3839b4752488f09580db191154fe1fda265cec6d8bcceda97d600d80076d0fc801ca9751871ca5e25f3d898395d5151b77186ed07909db99d3e544e1ed1b9243eb2010a4f3e71c879d0696d4825881f3e9d35f2ab1f673b34d89c3ddbc2f8b4a8f932b03949299b5218004fc2041cc481ceba5ec89c7a757995a14dbe1d76400fb92373a1048d74e6447ef4eece14c03de4e80889d7426098e80fcaad1c4bb0372d77b9b1209b7972a911999dae8020dc8126c1223318653008207dc4be8faf585baed8856081c80037f3112d35d56df40c55d729982a6a68ddcb0f68bfe45162f30fae4889ddbac44c44c8a2eddd7008cc4eb1b9de48f2f4a6189eca361eedcb57eff762dd8eff0039b4c56033232992350e322ef9cba91bd7773b10e1c21c40ef183b22c3ea96f287258185233342f3ca75122494635b19c1e3fdd17f27dc1ac6288fac64efe2fd0d1f86c4c80667781bfec47e552623b0e6d8b8f771032db4958000650c42c4b28d667a8323534470cecfcdab5e31fcdb7de911a801c24160f25a75da3d6b9678af82a6f1fecbf9d0661311112da46ba9ebcbce7e7147adfd3e2811a8075d4c40e43d7cf4af2cf66ae662a0868b6594852430560abe85a641e5e29dab9c164cae52e006ddab574dc95922ea23a85058053171753a9e5e7c92e9e57c1298e70ad973171ac084104ebb4cfc3efaebd2b9c4712cd0488007c20e8069fef26915ac4060353a2eb27792276dbaebe935cdbbe5836a63a8fc86bd3df5ac1c2bb5156357e2397560c77931cc7fbc7bd677db5e2af7eee4553036cc146b1a80c4fc3b9e5bf90ab9e0f1c1b4246a76220c6ba0e9b7df53dd6b6c21d54c03a91cbad698e4b1bd96e1c994f0ce1776eb058cb2625b41a98d4fbd685f48bc2b361ede46ce6da2acf5c8009f4dbe755ec45cd59a428692aa2200e40e9a68276e9ceb9fe2ae102df7939a57213e92049d0441d072e5bd746b93927e81d8a3ab41a79c278a94235ae38b70274274d79af3e7ac7b52bfe1ee0d3234fa1aee8ce325b1146b3c03b400912df7d68784e201d400457e79e176af03255940d492088abb6038ab2056572ac20c4f9743cf598f4f6c33e6518d2e47156cbb76b6e116ed802034927a91a47e3540ed4f63af5c55bf690968cad6f40481b3898f713d22acc3b5e5ad688c18190c066d2798046f141376bee0d1ed18e4df089f7eb5c11c935fa516d19ad8b86ddc8752a4182ac083d0820d5e303d9cb37adaddb214ab0d43b3c861b891bfbfe755fed2e28626ee616f2b0006fb9da4ff00a72ab7f63302f62d3671ab11a4cc469cb9fe82b5cb26e29f0fd057b98d2bc120f9d3ce0782c4de422d4f762e0602600ba1490d1d42ac4ff6875ab3afd195abc6707c470d88d67231cad1d210bb4f9951ed40defa3fe2587ef0772ee0039459b8189cd13fcb46cfc96415e43a0af51dbda349fb992493dc856e7135102f5ccb719149170105af335c593e6d758920c03737d6a5b767896604dfb9e23a4dddf4730336bf09ba7a466e7a556788be26db05bc6fdb71b0b85c1d08880d0400557dd474af05fbc8c2df7ae9a010aed1b08e7e407b0e95969cb576bf82ee1ee5b85ec7594b9fd25c0199ae2f783a8762c20c926e86f579aebfa69565188733740645bac66e0655f146d04249f8655679555171ad932e761a41f136a200ca7a88551d214741460c79b88c8f72e931a1cede21f65d6768a5259696ebf81270f72c582fe3bc48b7ae83214a1b93fd616ba419f32cc7d4d4180c45c043677052d8495682b6c1cd93d336b1d49da911c4b30d6e5c3a18976313a1824f427e67ad4d6af18cd988e73279ee7d773e75294afcdf413afda58063ae12152f5f8470ea33ecc1998340d243339df7347e0f89de88efef10b08143ff00d31032edb02100f6aafe0af65f147c3a83aebe4483a72d46b475fc65c7d49cdd33b12c4c40f11e51f82ed59b724c039b123a411f554b1f3dd8c991afe9a57c719040820f91d35d397cfad0cd8b3a0264fd62bcccebe103cea14b849faba981a444f33d06c3dcd5426aa9a1691b602f6ca209d674f8a0c0f4f3a357148be2b86187c2736e398f2d74155bc65d8b5fcb395f349d7489d879efa790a46ccd392e133f648f611cf99acf4276d1436e358cb6cd36c6827374277d275e637a1b0bc44a306d730d75802622580d799f9d43885301d989520c098d563e21111fa6f4258ca644896239903e2125b731a75ea6a9c22b65c7dd85bee31bf8e624b310c48d0900cc4c7c84fef661c3ee4860a01923298320c83240d08859d75fcd3f7a026864832a0a85ca752468cd2ba4f29d3ad19c1b15951808913cf79561f3d4d44a2b48d32c3c5789ff0045b6cababe9a913a44c6d3af96bbd56f0b75548f3931a1f393d4fe75d63313adab658280a086df293e2d236f33e7e540e2f1833160009691ac883b8f59d7de9c7125116a7658301c43b987dcc78403e71e21cfdfa50dc4b883dd225a77d08901b58017e5a1a59fc4b4091002c011b9f5e679d7d8972753d34ca79cc7e1f8d4ac697c4ab1b70be1cb7209606224472e9a991af4ab58c4004c81e9bc0ff79aadf0ac515b6a1b48e51f9fef9d4f7ef927c2639f23a1db73e46b09c65295008b8a715c55b918de1b61a4ead770a6cb1ffb963ba93e7ad17c33b756134538fc2a81a2dac42deb7ff8310b1ffdebf4f113bd22e25d8dc05f9377096189ddbbb50c7fc4a037df5eb10653c3fb6a5d147f1787baa46ab88c3dec3e9ff60dcb13fde58a92e6070b8a12fc3eddc83adcc2b59bd3ed84b966e0f436d8f91ab5e3fe85f85dc1e04bb6bfb9758fff00d73557b19f40f6f34dac5b7a5c493fe65611fe5a7622b78dec4f0f62552f5dc3b93e1b771941e5ff004f169876f60edeb40710fa38bd6c175bf6ca804e6ba972d0db4fe6329b27dae55a8f60f8e61c116b15dea46882fb303e5dd621727dfef4acdbe2985d5f867f79b0e8f69cf997e1eeabf3522958e8a97fcab8c550ff00c3bdd43f5ec95ba8679e6b0584799a0ae5c546093a8d1a74d7fba7515773db6b1de66c4e1af25d8d0b25a765f472b62f8ffca69cff00c7f03782db38c952272df971bec571b6af007cbbf5a96ad819958c528e7accc9eb465abb33ccee0733eb1b568c3b3166fa036ece0f10bac7726e5a20791c33626d033d42d26c6f62404c88b8cb5958b66c96f12a24011fd1ae0751a4e636c1ebca14a093d80ad6231591760258b668f14c7c33c947403f2a0b19c473902d0600f96a4cf9133cbf0f32d6ff00662e31f06230f78e68ca6ef74f2791b7895b6436874d76a0b8af66b1567facb17951750c518a44cce700afdf50a0b760274789927a511dfa89d413af8883246c227ce0ed3a6e285b97b39cc5f31eb327e753e2f00c896ee1cb92e09520eba6841075d0f3dba51c3191779244f5fdc8e62bc462353fa6a7d2a32e4d7a9e9fa53a027b24312098d3cc8d0794ccd4b81c49562c3ec9f6194f4a8b0ea18ea48f4e9cf7a6d630e841d3403f41f9d4b40017b139d89825a3a4c01a6be5b9fde833230dc7999e9b7afca98be060693a9d7cbdbcea3382d746d40deab6101a104ee77e9ca6a5679124400761f744d0e560efcffde8bc2c960bcb5dfce928dba43ba1ff0006c42bdb65bb24e9961c2903ed1956cde9a131ee3a7c52a00a64e9d235e73ef55ec4295234e9d75d79c9aebf8e693cfa4f2f9567e0d49d85d9fada2bea1389e392cda6bae615449f3e400f32600f5aa1f18edab5cc3dd9b4111e6d29170e72cc3942c081a93b090359aec845c9a48b58a6f1bc95e55cb340fe32dcc6749e9984fca6a4ef5663309e922b32ec2ddc458b0a40b3ddb92c01b673913125830d091a4c9f68ab927030fe271120f841da4b1dc01a82c4c99f7a872c6b2bc69db5c99a52d2a4d6cc74b794ecc0f2dc6ffb06bd1706d227d7a69f8d661778de4bf7ca61c39b265995e01eedd7520a9cab2274332227520f078c96c335e7b3950325bb4bde7f58c0b6ccaa181b6b3a999e7244d757e5a5f7ee65e344d37136edb88b81197a3411f7d57f1fd83e197a73612c83ccdb1dd99f5b454cd53ae719b2b855bbdd30b8eed6b20bba654512672c80030102356a618fc45cb7866bd7ec1b4c1c25ab7de2f8830692322c085771e204c669e4687d3b5fd0bc647773e87b87e7cf65aeda6198786e06009057eb82c089910c20c5427b01c46d1fe8fc519940f0dbbe8ce0691bdc671e7a28f4ab4f6138aff11872f97290eca466993a34cc0fb5d2ac82b9e70d32699ac5a92b46678fc2f1854cb7b0983c7aec564091e42e6551e996925ebb6d20dde17c4b00e4c17c15c7655dbc47242479653cf7ada2bea948661988c4e16eb90bc530b7580d13886110303e788508c0f2237143637b1ed7406fe056f2f3bbc3f1d9c00360b6b101a47908f6adc71dc3ad5e196f5ab7747474561f2606abd8afa3ae1aec186156db0d9acb3da23d3ba65a280c1f8876770f6cc3dfc4614cc2a633097124ff00f2592e08f3ca2a35eca5f6fea1b0f89ffe0c45b63ff8d8adc9ff000d6f07b17710116788e3101fa97592fa7a45e4263cb3521e25f46ed727bcb1c3eff3916aee19c9eacf619c13fe1de950189e3b86deb07f9d66ed9d7fea5b6413eac3515d8c4ef06674fd9ad58f62f17634c3bf10c30fb36afdac4595ff00b6ed69c8ff000b528c6f67b12731b96b017fed36230d730970fa5c54b4a79090edef52e23284f89680ad3a7527db7e515e62ad69a13571c4f64c101eee031b6279d8bab894f524ac8ffc9ef49317c0ac9765b78fb41a4ca622dddb31aed997bc4f9b0a12a115a8e75dacfb53a3d93c5e52d6ed0bea0fc58674bc0fb5966611e6291636dba3e5b8ad6dbecba953f2600d030bb58a330d04798a90e43cbee1fad2f46353adfa3bd81fa8fb57c39afe1dd13e2d194752a663df51eb1595f10c05d36829b3743db7668eedf51702031a6e0db5f50c7a56da4571dd799f9d6f8f23849491b2ea3ff83c125716efdd3337e038e3dd5b47b7711d142f8adb81e1d0192220803de7ca6f96f89a642c0ea149cb067413014093ec0d1bdd799f9d70c208127531bf913f95732c2a39a5963fbb76bdccdcdb8460fb7731ec1e16f8b1885366f1bb78dbff00a17fe10c5df5eef99cbf7d767865eb8b6adb5abe96ed5b68fe8f75a6e392c4919362607320015b0141f68fcfad7d907da3f3af43f352fbf851cab02315b5d9ec5c2816de158b006d5ddce59d0db823c0b4ef88f0dc762dd3f8819554315c969c8562362acbaea049d6274e95a7e41be63f3af001f68ff9a94baa93df6ffd1ac114557e8e3865eb16ae25d42a4dcce0f5950a46bd32fdf570a84a89025b59e7d2baeefcdbe75cf29b949c99a462a2a912d7d51777e6df3a905228f6beae430af41a00f6beae730ea2b817973659d69012d7d5c67d63ca6becc3a8d298117f0a939b22e6ea0007e635a8b1dc2ecde5cb76cdbbabd2e206ff00f40d146e010091276f3f4af646f4014dc77d1770cb8c1c61fba71b3597648f400e5fba80c57d1e621572d8e297f2fd8c4a262163a45cd00f6abfbdd014b6e009d286e21c4ad585cf7ae25b5da5d80d7a09de950192711fa3fc62925b03c3f1237070ef730d70f99ca56dcfb1aaee27b1eaa7f9980e2b6d8eeb685abea3d2e055fcebf42dabaac03290c0ec41907d08a968a006c56185c5cad31e448fbc7ec6846a01a0cf01b304436a20f8db50274dfccd35afa980ac705b634f1c1d3e23b4658f97e24eecc49ab640080681361e40158fbea7afa8002c570e4b8d99849032fb6b3f3048f7a0cf6730fb7770019001200f87a1d8e55d369134e6bea005afc1ed1f8949f1673a9d5a00931e4a0748115cd9e09657653eb27a473e51fb9a695f50046c9a83d27efa5d8de0b6eeb6763701803c375d7413c8347d63fb14d2bda076251d9db5339aeee0ff005d7394f43fda3f39df5a26df0c4169ad4dc2ae083371f378a661a65773b1114c2bea2c2c449d98b214acdc8699973cfa74db94733b9324e1382dbb6c1d4bc89dd891accc83ea69a57d447cab4a13dddb10633b2962ebb3b669799f87999e6b3b8aeb03d98b36ae0b8b9b30da72f9f2007da3f77414f6bea7aa555607193c53e51f87e94162f855b75b8a4b2f7a4172a609ca1444f485023ccd31afa900aee705b4cd659a59ac80118c13a46ec44c98131135ddbe168a2e81317492db6e4418313af9cd31afa8006b78455b791741040e7bd01c7381262329677464d9932ed21a08604112a39538afa8005c06116d204598f38f4e400e5c85155f57d401ffd9),
(36, 6, 'Via di Tor Vergata 44', 'Attenzione per la giornata di oggi non sarà disponibile l\'acqua, attediamo domani l\' arrivo della ditta', 0xffd8ffe000104a46494600010100000100010000ffdb008400090607101210120f10120f0f0f100f10100d0d0f0f0f0d0d0f101511161615111515181d2820181a251b151521312125292b2e2e2e171f3338332c37282d2e2b010a0a0a0d0d0e0f0f0f0f2b1915192b2b2d2b2b372b2b372b2b372d2d2d2d2b2b2b2b2d37372b2b2b2b2b2b2b2b2b2b2d2b2b2b2b2b2b2b2b2b2b2b2b2b2b2b2bffc000110800ba010f03012200021101031101ffc4001c0000020301010101000000000000000000030402050601070008ffc4003d10000201020403070106030607000000000001020311040521311241610613225171819123071432a1b1c115627242527392f0f1243353637482e1ffc40017010101010100000000000000000000000000010203ffc4001a110101010003010000000000000000000000011102122131ffda000c03010002110311003f00f2c3b1476c123126aa363b608a99254c68158f920ea99d54c68058ed83f767dc03402c7dc21f808f00d02b1f70846885c0e58ea449225c200ec6f3b3b83eea8c1ff69ae37fd525648c7e070fc75610fef495fd16aff247a4e1e2947d1ae15e8037972bb751eaf85416d6561cad5b822dad5cb4bf970ea2186718f0a5f8a4fc57d9be5efa9678ca56a71b6b74e565a6bcc22a31b0f0df9f9fea9999cc2a5dfcd91a2c6ca4a1cbcdf3d0cae26aa7a9421896af6fcc5f112f2d97c04a8db7ee02abf8f2016af2f82baad5f819af2e5c845a2b2ec42264627d7289f1f911755dc8b641b1a1a8d6271ada09a91d6fd4687157ff005625f7812e23ee21a8725591c556db3fc855489710d51520f4e0082c26727430a04953211aa16350092a477ba251992e32981f764654c37191948200e273842c983948005442edea315a426e5a881aa682a882a2c611459f66a95eba7fdd8b7fb1b656eed736d991eccaf14df448d2c2b7e15e4ff3b829ea7acf6564f9f9d96c5b5694b852e564af7d95bf528615ad2decaf6bf3b8fd6c4de2d475f349dedd422b3339da125ab76d5f9233188f3e4cd1e6752f1927e5f919aab64adcfcb72842f6697362f5d37c431517a7a8bd47ba02b7102971dc4ad04da2b2911e224ce2a5296dcb76f62d1094c8f105fe1b51d9f1475f5232cb2a2fed47f333ad7542e7548fbee153ce3f20e586a8b9af91a982dcfb880f753e9f245a9f97e634c31c6778c5ad3f23bc33f22e98b422ea04688777730d254ea0cc24730b84b96d472bd3620462c9a2d2395740ab2ae8515163e68b9fe13d0f9e57d00a4710334681e55d056ae5bd0a282b0a732e31583b15bdd78ac105a086e310b83c15cb2a796f42a8dd9e5f896baf9176a69595f5e9e5e653d3a0e9b76d2e86238a95b8a5149ecbcac822e632bb4f5b73e77bdc6a4d28d969ff00d2969e376d2d77e63d1ad78eb7befd2c40ae635bc325fee50d6defe4accb4c6db5b6eedee5555979ef628564295bf41ca8ec84ea4ae10962108cd6a3f5fa89d44544587a3b000d47615789e86c8849efe84a9b0737b98750a53d37e60aa323291c932b3c9f5c155412242aec12234d1392214e56080a7ac1a953b91511bc347522adb29c1deda1adc2657a2d0aac8a9ec6ef0147c28829e3947408b29e86a29d027dc0196fe15d0e7f09e86abb838e801949655d0adc5e5b6be86ee540a9c750dca8f38cd3076e466fb9fa9637d9dd0dcc72a7f54d445ee4d81bdb4345472ce82fd9fa7b1acc35303139dd1eeeac636de9dc4eb495b4b6cf42e3b6aad8987f84bf393291ababede5f001214e2aced76bcbd2e16a4fc2f5e685a2f6d757af4d8954fc0eeffb4bd36014c4cf5bdedebb0862a5bf2f2b0dd549dafcb411aeeeafe6f9ecac02f2fd05e6b986936d7c81a9b04255657169a189201334810c51dbdc5aa0c507a7b8ab0e535a01aaff00461e86c2d5d6fe8ce6e84afa92bf2071dd9de2d51528b0fdcfa6ae99184b50810bab69ee1e02fc2dbb0ce1c0b3511ec2c45628b0c247522b5590c3637d97c7c28c3e46b637797bd102ac61008a076920dc2101e022e033c27384b81674f42af1b4f72f2512b7170dc6230f9f53dcc3ca3f54f42ed0434660671faa51b2ecfadbfd7235d854653b3fc8d7614a315dbd5ff1515ff617eb22860aeacb4d39ec5cfda3568c7151e276fa11fd598cc4e7b08ab26b44d2d482de7756bdb9fbd88caaf8785b577f067711da68596aaebe4af9f687c93606a6725a25feb412ad34ba99b96793e517a0bd4cdaa3e40696534972169d55b19d79954e843efb3f302e6a580542b962df3bfc848624ace0ed0c61f6f71455131ac33d3dcb561cc2bd45f16f5094980c56e736c9adc952dc8c3767686e52bb17a867b108c7508c88ea41231d2e098548a8b58a2cf051d4af82d4b7c053d511a69b265b1b5cb9e88c86534f6361974762c4abba030a20b0d11a48a887091710f638e2001c4431502d25113c4400c5768a1a33cf2aafaa7a5768e3a33ce6b47eb01aec816c6bb088c9643c8d7e0d1461fed73b2189c5469e270979ce94651ab422ed39c77528ae6d6ba1e1f5283a72e1af1a90926b8a9ce2e9cad7d559ea7ebea51058ec9f0d5e2e35e8d1ac9ab35529c67a7ea311f99b0d9865f6b284e0f9a74a337f2986ff00817bca71f5a728fec7ae66df63796556e54bbec2c9ebf4e5c70f68cb6f933989fb0eac9fd1c7e9c954a524fe54862b0eb0b97f3ad15fd5c51fd507a794e065aaad07ff00b1a1c77d9663a847bcaddd6328d34dce149ca356dfdfb3fc56f24653198e8517c30a34f86d78f8534d1038f23c17fd487f980bcaf2e5f8ab463e8ee4f26c6aaf7bd184925b4570bf95b04c2f61e75a5775a34d36dd94653714de8aedeb61813a986cae3b55a92fe9a727fb0b56a997dad15566f95e2a17f967a264ff0064f84d1d6ad5eaff002ab5340bb71d97c1e0e92587a3183e737794dfbb147956230fe3b52534b9f134d2e89a2cb0f46d14be7d4ed89c5d80ebd95b7018841652dba01c419aa563bb3ea5bfb9f479fb92a51d8a26dea7633d6c739fb916bc4bd020cc2a6043c1105c4372fb2ca7b1474f74693285b069a5cb69ec6a30067307a1a0c0542c2b45861a48530af41b45652b1f347c8e8109214ac87642b55018fed2474679bd75f5bdcf4ced2ad19e6d885f540d4e47c8d7e04c8649c8d7605ec05d52431142f4de81e3228f9a24911b9d4cb11caa7847da4f672ac730eef0d4dce38983ab4e9c124d4f89ba8974beb6fe63dd6b48c7f6a216c5606af38d6ab0bf3b4a9c9fec4a3cfb0794c30f878daee73a70954724935271e271f66da2cb24e41bb432bddf9dd8ae492d8d2b7d973d1193fb545f497a1aacb5e88cbfda92fa28cd1e4089a2083524450ac06aee315e36109bd59911e61e2bf6074edb8528e3475c767e4739928a223b141a0c145048055e53dd7a9a6ca23b198a7ba34d944b60ad4502d701535292150b1cbea6a58ad8e05e83c8accba5a1609959191f321c471cc226c5eaa0bc60a6c0cb769568cf35c42faa7a676936679b6297d50347937235b827b191c9f91acc0b02ea9bd02a90bc65a1cef0a86d33b71555422981dacccbf6a3f161bff255bfc923475a7a193ed455fad8387375e52b748d390197ed04b462f923d89e7cf47ee85f2596c695e8396bd119bfb4f5f43d8bbcbeb688a2fb489de87b12a4790d82f1dac0d1ddcc569dad3b89574aec61b15adbfb81c88760032d851f4973e84e99c5fec76dcc8894770b05e405475b86a765cc8abaa6b546832c7b1454d6a8d16574af60d2e6150b0cb67e2128d01cc0c2ccb06cb2d96858a914781ad643bf7a2b2b07320ea084b140bef60c59f7845c8aff00bc92fbc8157da37a33ce712bea9becfaadd3307885f50a8beca791a9c0b327964ad634585af602f9cb4012aa2d3c4e82d3ae059aac16154a755c34311d4a8b3ad3d0cce694b8f154a6e2ed4a13719726e5a3b7b1658ac728c5b7cb9736f9243d98d154f0d0e25e36b56f469bd5dbdd81e69da4859bfe65c4bdddadf3fa886532d8d2769709c7438d2f1526dbf374deff000f533b9742c6a15aec0d5d114fdbe9de80f60e5b157db697d0f6152579823aa7bfa1ce67248e6da3317abb8792013dc8b88f40d4e4acbcc15b5f62307e410dee71024d924c02a41208596e1554f522e34b496abd4d6e4946f632b457897a9b3c879055cba0769c2cc7786e7ca801f53ad63af147d2c38378703e962c87def5213a20950d46af5391c513fbc0bd3a015501a9610cd2adccad65e335598d133b529f88d33867072b16b4ab89e0f0b71d5850a3fde483c402a94ac2d29150ff007e4bef2231902c6d750a729ff753605fe0da56af51ae183bd3a4b5a952774a368ff53d067b4589fc1ade2a2dfbdecff34cc264bda684a71529a9564a324af64eb4df0534afca9c5b97ab34b52a46ad2ab523ac162a54287f85462a17f79293f71102862d27e2578bd1add5bc99415b0ca956705f824bbca2fce9b7b3eab62ce5649af32bf3257846a73a3352bff23d26be35f63694ee1a5b155db177a3ec5b508955dae8fd1f62d48f348ad7dc24e36f92107afa30ef5bfc9c6ba42f2b5d8bf0dc62b3f10bdec046e0e9ee12a3031dcb1076cea641489221895c925afb008858c82e357427e25ea6cf229ec60a9d5d57a9a6ca71d6b6a458f42a4c6e9c0cb51cdba8ed2ce3a91a68bbb212a4544738ea71e6fd47a78b19d203dd95f3cdba82fe2bd4cfadf8bb8530b1a651c736ea1166dd4d46698cd6065e6bc6596659a5f999c78ff19a8c35f96d12c2544cf65d9a5b98e4f36ea10c6321645157a9e20d8ecd2fcca1c463bc5b9a45e52995ddab9b58595b9b8a606963ba91cc6b2ab4a74f76d68baad80f3ea317c773d57b21393c0528def1bce497572d4cee2bb2f467469d6c34ad78255a9caf7535bfe65df676af778450e719497b5eff00b8e3f45956880953e2a7515b784b5e4b42ebb2989552ad48271e2ee25c3c515257f4292ae2fbba15252fc52e28416de27a6c6d1cc9e6dd1a6deee11bfc09f6bbfe43f42185c628c5453d22925ec25da3c6f1526ae2abcfefafb8da969ea29cc34a56b7a1ca8057dc5f8b719aec4e4ca3e9ee09ee11837b96062da5c9c50382264c47270d2ebcd9f537b1267d4bcf9a262eace3547b0f8db732a09a291a38e6dd43c337ea65d138b1175ac8e71d4ebcdfa9998325722b452cdba9059af533ed9cb93175a459af526b37ea66ae76e69357989cd2fccac78ed7712a8c5d84ad161f35b730af37ea66e249b2a2eeb6677e6273c76bb95cd906545b471fd422cc3a94a89017f84cea54db716acff145eb197aa2c28768a8a8b52a4d713bbe069abf4b9903806db03db1861e7de50a6f8f85c7c6d70ebd11498ccee7565c536b9da2b48c7d11447c582e6398f5038fc6f142d72b51cadb00bc4955231dd13afb985027b0b4c6aa6c27500ed4640ecf6205068cb9134c1c7f60888891d84b523138bf101fffd9);
INSERT INTO `posts` (`post_id`, `post_usr`, `post_addr`, `post_txt`, `post_img`) VALUES
(37, 6, 'Via di Tor Vergata 44', 'Spese Addizionali per questo mese dovute all\' aggiunta del giardiniere, aggiunta alle spese amministrative', 0xffd8ffe000104a46494600010100000100010000ffdb0084000a06071414131614141517171618191d1919181919201f1c1c222019201f191f1d2119222a22202027231c20243424272b2e3131311f22363b36333a2a30312e010b0b0b0f0e0f1d11111d392822283230303232383830303332323030303230323230303030303030303030303230323030303030303030303030303030303030ffc000110800b7011303012200021101031101ffc4001b00000202030100000000000000000000000405030600010207ffc4003d10000201020404040404040504030100000102110321000412310522415106136171328191a1234252b114c1d1f0073362e1f1151672924382a224ffc4001a010003010101010000000000000000000001020300040506ffc4002e110002020202010302040603000000000000010211032112314104225161a17191b1f0133281c1d1e11452f1ffda000c03010002110311003f00a655c9a69423e293241de36b61e70ce08da03d6a714f68d57b8b3476c2ec86669aa7320d52347b0e8c713d6e35586a40174bf7b803b0336f6c70492a2a96ac6f9be1948e582e5e982c18ea71049f7f4fefae293c429956004fafbe2d1e10aea95f53b8543b73409ea63ae2c5c73821cc537a74692a8660eb5aaf2cc9be8b4c759c2413bbb11ed1e6597a2c6a00224f5c30cef0a5d98dfd30d17809a354d26e760625763ea0f6c7199cb3f99a429de36c0964de856995eaf94d803386597a5a146b324ede9873ff006ce6350d340b131d47f5c30e3fe1d4a6169f964bc73bc9b1ec00b612593a4cd4e893c37501424bb546d24735957b8eedefb635c333c4d5621a40001131d46c2c09ff006c6df22d4a88259913ca366014968306c49b8ea627152fe28ea5127a7bfb9c4e18db9362c9d057f0ad99cc1a6eda9a47d27dff00b8c58bc4206529b510818e961a9562018ea37027ae2b994ca660570e8b1a88e6040500899ef31d37db0e73d54d3ade5b3162e843b8b8892349063722fd315942ebe1055d1164a805a6954b0d08a4a863cd27ac0f7186bc0ab545a6af7f31d8c1691b743aad17e8303d6c9535a54934b14a95344904002246d009dfe5873c32a8a94d9690d30574b924ad8ee676b75c7364d98494bc30d4eab56af5175b82c34a922209dd840ff6c43c72a2561cac0909a8936900403cc4def71b7a6f0feb00d14bfccaa4e86820695d3045d812b2dd7ac1bc629e0a9cc54a6e1853320a2c036b45ac0893683d7168a72dd87a415c2b2359d4a59751e46d5091a589f849b926363fc8839356d6d48a9d041f3205fad8c4c0b13b61bf1585a740dd04c5c8153502d1ab683136b6f7ea02fcb5165d55d48d15035c30d4dcc00113221ae63f4e2915776061de25f2f465d54300b669e8008bed7dfb0c75c4529541429d3d574704c48d416769b4c5cef7185197cf9aa051d369b9223a419db603bf7ef8238e66a9d44a6d4e752165eb046f26d248249e966c651ad337915a652ab34ead12d63b72825660c989fd8f6c70336c298b06275adee4dc5e23d2d373893f19cc32ea40194358a88e7688d88d727df11711ac1534800f3482d127704c0ea48d8f6c592bd07481fcd3a4759ec2c7ae2dfc3f2f55929728540259889db7bfafcefd3154e122eaa24432da2e6e355e4418db165e2dc66a23f92bf08bde0899111a6d7007df10f50a4fdb142a05e3c29d3468553a8ca90648304d8f6b8b1b61470ea550a99562c04c289817ededfbe2e3e15f081cca9cc3395a41d9542c17761f111220004c75363618b3e57c274109655a9a980962e277e9cb13f2be29184a30afd4650723c8ab0410c45d8ef1d8dbd7ae22cd1e78d5361d36bed8f43e21fe19213aa8d670dd16ac107aee8047fea7140e3991a94ab795553caa8a7987423a303b1062c7dfb629c459464bb267a05b4a9b8de3be1af06c801ac8004082601b76bfced84b4b2951a4960140b361c707aba50a0249dfdedf406e6311c9d5260406f925f308532beb8038b709a626a531ee3fa61d942c66f317c095d5545cfdf0d09b4eec6110cba8e988d68dfdf0e2a6504068b75c0356ba0b8b4ed38aa9b6f4605fe0d7d719886a67d64dce3314e3208e69d650630cb20a9519558e9122fd07adf0aaae56f20ce1af0d5542a6a2315dc802ff007c73f4c7537541b4789a53aea998506906218a804dad68c36a5c49f33506a24d34314f58be936f69c53d95aa542110dc9206f03a61f785b2f52a21fc30ebb10f61b5ba604e718c6dba339b7a1cc51a35079ba9b4b40556963d64df6c1be2ccc659a92be5d829060533f19f5de462bf9ca1cb480a6032960c514c93d416fcd87be19e28f4b521cb79b4d87510df53d313757bafc6815f255b84f148726a798cc48540188124c73126045b7c7a2e6b30b45951e9a39d209a81c98b5ed61689f6c57e870dfc40e69aa25566d4011c9ca6148d362483cd316c73c7330b4f2d4051a7529ece4c9169da58ee4ec3fe08e09bb5e7c99368cf1d66bcc44049d201699022d2a22c663bfae28dc2f31cece402aa0813b99da3e787de23cd5339877235fe12d99ad30a2d1b309dbd308c22eb40cc298261ef16e84f78ded8ac62e847b6593c299c4601aa063a8e9014f35f62b1fa42f5b75de712712a42ae7452a854f5d73a66d21401f0ac8f4dcfbe152f0c644d749b5ae969a8394a833041816b89ea6460fe0d98a4f595dd9cb7208436d20440ef3eb7c17416fc168c9f0d631e6120ab4ac16216410402a5490d208ebf7203cb71044acf4d16a85008a94956e60010d02401bf79b77c33a99964e6952ba4d5d244e95e6d2f7898b7c264f34f629388716a34c33a42b11ab52a89248d8db6378bfe9b0c4e969a3316703f11b1ad511f52acfc24804120a8b913a476b4639ca54a473a29a951af57c421a7b804c4f6eb3d4e21e2bc556a00ed10d0c4acfe5d94f5306c44fb6f81b27568ea2cd0c0306026491a4ef3b769bc74c334aeda072d0cbc4414538003b25aa12ada74f4748d891ca44753d765d92d15160923cb20a6edcdcd611b48f43d302e6f879a0356a035286d24ea051800356a12601d4091631d4602a994a940333825081062c0facdc4f7dedb61d5780364c78885aac50900b4692761d8c6e77ef7382f89f1028eab48192aa7944ee7a88b924ff73801506bd2b4c163710409ee6f638378a5366aa84384d14c4d808811602c6ca0fbdfac83a32dbb38cee64d2958b3ee4021a2d2ac4f424027d6475230a9d014969b9806f1bf4b5e2d8b652a46bd3ab48a42e90c5c827415504b5aea2fb8d408e9371566ca30a8148852e140698b9bdf703dba6345d8ccb2785326a88b56aa6a6d5010f6133bfadf69178f5df19d0efa9905d6da0dc00348120ef0223a7cf0d6a7094722929d029824c6ab974b19e6b75d300fb4e204e169945151b554724402604efb74dbf34edb5e3127db6c68e372e8f43e1dc2a9e572d469128a512fa88f89af520b1eac4fd705e52ba37c2411dd5811f3dc63cdeaf1eced624ea0277dfefa4807e98e9abe702ead14dbff00707ea1b1579ade91d0b1348f4daf4cc7281f31bfcc47ed8a3ff8a3c196be58d43c95289d418fe9240612375320fa691eb85797f10e6144bd2ad4c0dcd3a8c47d0dfe80e18ffd546728353f37cc47e460d01af1b1170de86fe982e4fce8471b5479e67d888a6b11d08d9a3a8c4499834d2c0ea3bce2c19af0d9a4750e75163abe25ff00cba1f78feb859c4387368d6dbde00fe789a693a672b8b4e9822f1462b6533b1feb80bfe9bad8ea720efbf4c34c865c9a624053f7380f39960a59964b6d875256d23206e2353401cc646c30bb379cd4bcebcddc609e26f5345d23d7ae1653a2ce7f9f4c5b1c555b1887ccf418de33c86ed8cc5f46a2e195a91cc013a778fe63b61f50e1956bf38a35585a00042fa5cef8ae652a1536c5efc39c51994bb54705481ccd658df4a8e5fb63c8cb251572bafa0512657800cbc8d104dea5e48b6d833fea9469a2796e8560011f6c1954abab4b4ea17606fb6f38ab667246a14a94da540746102c17f738f2e31ff9327cad25fb563745bb2f981a6cd317040169bdad81693790eceecf5015262d688e83a5f09f8252aace3ca98552491b0b752677c4796e30dfc405f340980e7f26999f7ed6b6f8e95872f4e4dc7e01cac23c6b9b56d3502e822086048d5132200bc48bfae01ce678d7c98aa24ba9d267485b9178379bf48de7a4e1ae729ad79bbbad36d681509522dab49bd8917b7689df0bce791d0d11a4e930d4f495253bcc41ed07d3b63d08ea2afb35959cdb3665e9d89a839185ef04005415163365ff006c4d98ca8ab9a34929d42b1caa60303e84cf2fca70570bad974ccad4452690302482c2d631201b83b7ef1868f99a2cd56a8455a856149b2ac0800779d3d6fdf6c3b93bd1b5471c4b2ef4b2f4c54753e5b0584512c029b3b000f403aefe9803c399ba757388b529ab0208a600d8833300ee0022dbc9e989df8f814de4a86b900a9990dd1a23a6f6c26f0fe48bd55ac9c8a8dd3793b89f9fced8d15c55cbb15f65b3339d5ab4a2a153a1c885307402a08b9d8c4c9ff562ad9fa6952a1a5469e90aae64d42c182932c2c46c771bc0db0ea9b12d58000afe66034b0264347692098179123b9a854aceb52a2ad4b69bb092609f532debdef8d8f6cd60d96cdba123980481bcdb55c76f88cefeddf0d3872536866227f3156929d08da2da874ff78f31429d221e49205d4fc267b89836fee6d85e4a0a8aaaeda89ea6c3db6efd7b628fdeb5a16d16ff00130a2ca8d4aa3bb22aab3548351b4cddc83b9136de54c8eeb72fc4d096d6601103a802209223bcdfd6304d2e134452af5398d512542163b806183c92b6de46f1841c1f3054404d64b4111fdfaff7bcf524da0376b431e1f9614e43d481b29060fc87683118edb865609cb516524a46a93a7b19891161fb617e5f3051df5a34c885336e863a18b411dbeae32dc4c9624a850bb89f4feef859734ed1b932d1c578908401b42d546d4ecac0eb9863c8a01266f620027df147fe11fcd1489d4a21e6c6458de0c6fdcc8be0fcf9a6d4d5d5b4052089981dfa83316b616709cc06d705893f0313b0da093e863d30f077b1f95a2d7c2b89a870c426dcca82e01222f65b44409f961cf18cd51a81151d492663d00237efe9bdb1e7d4f32caa549962c6f79b5a356f037fece1c700c816acaa5868ab3a9a6f1f1189dd891a67d7d8e04e25b14e9a439a158a540ae69d3527f31b9f97738b4d1219234c903a48f6dc03853c5e95030ea35e9b4acf2db72474f49c32e1799a640d1d6c7016b4775038ca54a8b0652dbee4f48c54b8b5009a73147918368a822ce0120ea1d62c44dee6fb63d0b89d3d280af4047d7afb5b151f16a2f924280a0fd8d80fbdfeb8b72b95326d46306c9f8bd71e4e831ad85c9b955224868dc826dd7f9d5ce6038215a42ec63fbb75c0f5f3e569adeedb9dc9ea7df07708e1ada18b2c29d875818e59aadb3ce9cf93b065ab2ba45dbef88aaa32fc401117c4b433203b309017d31d99ab3bff005c06da7f43012b02bb024f438535b272d681076c324aab4dc820c9e8703e77334d3988dcda7a62f14fc04aee6293063cbd71ac1d53892498c6f17e52f8358db274ef86d52aca69023dadbef81b2e80626cd55440379fb7edbe38651dd989b299da94f4b0661a6044cd8627e1682b54a92c5454aa0ff99f0a1f8a3b9f5ee3113d1068798818de3ebb63325c40a5752846908dac033685249d31104831d0e1e314d5063f52ed5abe553ffe7a754d3d2003a8104f50d36d5efb5ce2af9aca32e742a14d812cb65607ac289e97c4599e2a94ab8af532cb59020544e62240f8cead578f4b60cca71a4ae5bf87d4858006a2a98024c869d962d7fe538ce1257bb4fec1b1b710cf512c94c3a0f3214100ea520c32dac46cd040f7ed4ce35af2d988a656b06b826082b7804f423ac460fa19c5a35d29554269932ba4738920983d4c9de3fa013c4102bba98304901c09027945bdc61e2f8824e85ccc0d4461487c449559b026f61d07cbd705366556a68605809e61d24da236dfeb38539bd74ff1093a8fe5b826f008245c11267fe70dbc275c87785b95e52d22f0c429e8437afe918792d0845c632ad98a846ae72357342c81b120088030f4709fe1f2c149466363624125ae248883bc6d61bf49b82f0bccbd7f32b81a957472dd0c8d4167a6db820cda448c039ee3154556f2a3506d2c2c41936d20da7a0107f7c49caf5634987f01406a3797cbcdcd3b5c42804ed789b191d2d1845e2ae07472f2ce58566234cc2a9bde4012a01981e904ef8b99cf0a7e5b54545472588b5e203488f84b1802369ed7ae789f86ff0014689a9a90d460404222246b20413b4c1d3fb1c2425252f76959aca866f3209872350b93683603481b11d7606f8de5f4b90c58ea43082c646db9f626f8b1f8aa9655293d2a74929ba9587d235b41b4b4d87c3260ec7bce12f00cc1d3a069204c0240266e0fc536bf4c7429dc39242cbab44b987aa914c73072072fa5e2f6dc4fcbd300d53e532b3ca927b5c1000fa8bedd30c33196883f095b84fcb7b758f5fec615f1dacce42ccc1411da434ffce063a7afcc10d9acd56a8cca58fc3b127d7adf6f4c1d0f0a508206fdc1e91d0dcf7efdacaaad1e62c62e446c3a7db05f0fa9cfa41ec7a93ebf2ebee3e7876b5a19c69d22c590c806a712c5d40206906676eb3f49d8e37c3b2aa2a6847f28d424376235480d3b6df96f8c4e2b4e9b8aa862fcc14403000303a77f9fa8381b399ea6ee5d80d44900c85166b820f5d84927be211b6c5473e21cae9afa52206d02e62fcd1627d7ae24e141d08cc48229ec937d84c8236379eb1271b19a5aabf028d22c2e08bed26fb5e31aa5e5d390159989401413706fa040993716be28a4de875277a2f7c4f2d98d6d4c9d14d99e02ac937e8623683d77c4bc2f27e585533204c9dcfbfadae7167cff0011a48659822045306cca08b023706db62af9be222b3f2985890c2361b1fb634f8c0ec8372e90ceb67d4ab2cc936fae2bde24a0ad40212c033a24a804f33855806c6e45adef83282c02deff0038c33e0793351d6a11c8b65b599bbfcbf73e9838d39c915c9c6307679857c81a55ce59efa588248ec48b7bc4ce2d018052a1a48db0ff00fc41f07b66596a50289587c53cbe6091bb0b6a00189de4091031e71c5e96672d51a9d44646dc161f10f43b11ea09c0cf8256798902f88eb9a7542a8891a9a0ef82e9f17a6a108b6aef81a850f329b54ad259b6ed1fd300ff000c90010492771d308e2b8a52ec66861c5682d50bcc750eddb0b2ae54125499b441c1959c28de63eb85b4a4b16b8c342fc305d1cffd3d05bb63312337ae3587f77c8d631f3659549804804f6bef86dc47cbad47c8a4e5ea16d43944e90226e7b4e0be0be1d2c056a9cbd97b8fe430f323c0b2f456ad5bab3c9626da046ca7a0ebf3c79993d5413d3dafd4d1454384d0af0f44ab9472b0a00b18b440fb5bb9c1196c923547a4aaf28c392dcd3f14c0f4ee70c3c1b99a94aa528a7e6eb2d72c797f4b193fa7a635c76879d52ad54255c096208e5bc107b75b5f7c5e59172a6c6768328d0a6ee6169ad28375ba85b6c5848903dc4e21a994fe155ea220647e5999d27f29bf43f3ed85f94e1be551a6c330baab134f4de1401e87636c34a74b3142a28aff008eaa0a88b6ab5b545ac3bf7eb8673e3a6fb0e98370dc917a895aab9a0e1794950431d500533045f63e96883859e2c8f383ecec24ec41fa489e96036db0d78f71475646f2ff002ead2f71d7994cc4418f90c577c5598fe21cd50c1654346f65b18b461e0db69f8125b1717aacd7026fa44004fa81b74c19c1788bd3a8a2a09122645ec647d88fae13d3cc95a840961000991e83bc62c59dced31496994e753f18693a74f20236316136d840c565689af9638f14788aa50744500ab28602448204f36937f732491ef81fcc674a41807576924096d4c24023b48303d3d30b33d91ad9a5cb94d2750d04807914315973b5ad61d00db166e15c229659599ea0ace8b68e963ab4c933720ec6c236be24d2a57d857c8ab8d44aa2d57e4dc9dbe63b8f4fb62139b7a5666b29588236991d6d6123d70b3399d2cec46d33023693331d8c93fd9c31a9976a88954a22529fc46e5133b4aa99d5bc6afe631aabf9855dec878d6516bbab79aec84185e52d17ea058ff3c23a7960b26982c412098227f9c483e97c1d53cc562aa497652547781e9eb184e2b9a6cd2093a8efdffe71685b5498f1fe561d4abb339473a76106f36b09df0355a2c0ad3d30249d57bc0e91d4f69f9626ab0ebe6156060491d4007e631cd02b1b9d3317bc779fa4619685e8eb314a54c2ea852d1d946e6fb7b9ed81a8d404f28d2d1b9f7fdb045666287b1911bf4b45fa88fbe23c965f505861224c9b45f69b1f9632d47618bf248cccc45e0181dc48de6363ebef8609a8aad30b24d82a82589266d02e6c6debbe1e705f069540f9a63492245317aac0ef66b5353dda49fd3d70ff0025985a6c997cad34a26a1806fa9ac5896732e44027b76189ca715af3f02ca714ebb605e16f09223ebce8d34809148987727a15532806f7227eb8b864f8a65c7e1e5a8ad2548662b02dfebd235116da6f1da71cf0bf08a3b8f3aa355027505954b5a2dcc6f2371ed86796e1348a5450a891cab681ea7a0263be2b18e46add25f704393772d2fb8978c67b2b3f88033133a999ae7ff10d27de7b624e195e9b269a74692a2fe514d41b9df691264f7be05e3be1d14e0837b252b8248e62ccd7b02db7fe5849c12b302d2924759b8fa623293527167a58dc5ad168cde4752451d120405798dfdefec77c2ae039acd50cca9cc3fe1542299160b4c9ff002f4a81cb1d6d17bed8272fc5ba1b1daffee04e0f7a94b309e5d4931756d8afa8f5f5c5f0e58c74c197139ed31ee62aa9793b08e97bec3ebfb7ae38ce52a55d34d6a6b5474561aa45ef72003bed702303a904ea26ca0b18993ef03d00fbe05af9f666227a1302f200ea3fd506246cbf23e828a9ad1c2ee2e9951f19f845e8516ad9773569a81aa998d74c7ea1a6ccbdcc023eb1435ac1490778b7a63ddb2f5a43034cc0279c903e97d5713d71e51e32f0ea51cc9a94cab50aa495026508035ac102d26447431d2fc3ea3d3a8fb97414ecae535e79f8b1aaf5d75151b9e9892bd11d1829c0c292eaee475c4220a3bbf6c66076a2dfab1986e3f51b897da3e275d2c5e8d40c9cb07bf41e98132dc68661f457d4808e545b8631106e266d8ef8f679eba02c34091f9748f4063a5b12708a26923174920c2ec49ea083d2f8f2de3c50b9255f033b4c7197e16a1e8b53d546a043caeb044de3501a489e826dd704d3f0f0a8ba400af54ea6006b9b9861d0091d631d6478f8269b55a0c20e925cd901b486591f23f6c1341589a998a0053a451b9442b820f5937044fdb0753dfd7a5fe47b428f106502661b5e5d7910155b4313692a27683631d3126629a55a0aea9a091f86808b95b1b5c83789fe989b23c4e8662aeb34c060b323a916e79df7c03c7f2fe4d6cbd4d0c29ea90cad78630fd8fada671bf99f142d8bb8a526a997a5480ab4d559bced476062e09f53ea3154cc65e90942b34d10c2863cc6e03123b133699022d8b1f8df8f950f4d1a0060510d9a488219489120fdb156c96569d45a6e6ae9041d6bfea9b01ee3a7f5c77c2d4137a119acb70f54ab4d1d8b4ccb5ed22db5ed33f2c73c6b2828b983ac180a6d7dc4800fbfef8c39647aa103fcd4124771f2be07e2741c693d17607de363df0eb7256c5bd6c2b2b9ea9491a9b92962544dee446dfd70d7807136ae1a83cf9953515611a8de634c80036a9fdac3152a5586b05d7547424c5bdb0e7c3f9f4a4b51bcb0cec79752860047427b6d3db0f38249da37837511d1c958064dba1b5c6debdfdb7c36e075640d4dcaa4122413024ec641ed16dc9c0b9baa2a216b5ee44de6e6dd76ed6b623d059341856dc4da40db116ed6ccec278b90b543c87a8d24b69837009d84106f7f5c23e2d5054abb8b429316df7c31a39907f09ac549f97a8c03559261d6349bc1ee631486bb0c7e4ca797256518419de6ff00cb19a7cb02e6fbdbac771d3fa6368802c89ef6b7d401fdfa624015982193ede96c115cacea93920c091048991717998f7c3cf01e495479ec0354d514810085d22f500d899202cec751dd4612f9f025761683d3d4f5f4c597c32542201605587b12ecdfcf11cd37186859c9a8e8e38cf88199ca52697d50cff1126d2298bcb490355c93b77c5b3fc3ef095540733980eb51842079d601dd8a9fcc76bc1027be1af86784e4323496a8650eca0f99508f308236500f28dac3d249c75c43c6e9b5104ffa8dbfdf062f1e2577bfb82e1041953355888a68d4d7f53598de6403b7cbeb85b9a44ffe67d67b027ee70ab31c72abeed00f7b7db73f3c479772e6c7dd8f4f61df1c19670be73937f8f5f91cd9322906e7730a46d000000ec06d1d80c05c63260504af4558392aae66cd3324c7a83d06d7c4d5d162c3e677380ebe65f468d4da019d32601ef1b4e1707a9536dd1b165946f8b09cbf03a9572eb54380ed75a66d201bc126fe96de3df0252e3acada6aa415316b6dbc8dc1c5972599d146829d969a9223784d676ef3171d300789b20ae414552e1406888781a8cc7e6b8868e91edebcbd3dc14a3dd6cf530fa969d498670bcfd27f85be58272b907158bead41e14004a8000fcd0648f4b49236df148a54ca9206a4653046ccbdc11fcb0df25c66aa0bf38f4c262cf2868e99e38e4565a95e8ce844d6da40120c28d240b088ed3eb8a67f8939914fc835022337986545883a3bf5c59f86f1f422c011bc6d807c77954cd70baac53994798028e60c9cce3a8060113d412458e3b6538e683499c52c5283d9e339eabe63160660ef83e9e654a8d206d8187879e03293a5843291ccb2241b6fd311d2ca9a4bcc67a6391a8b5a6671689db3a07418cc29a94d893031ac1e0807a23e6ebabd1a6a803542aca4c3210763d945cfc5718708c12a34baaadf998c8244cc409df62709b85675aa68d6c0801548d8e906348ed6b4e36f95a68c19cb30248907e09ba8116902d79c7939145ba6bfd9bb2df9725991884d10a79d4eb277f864081dc8bcf6c7797ae8e84e93549d43532900893aa011d3fa61265b3829527ab4d0b126cb54960c660e9020c9df040e2e3ca56f2d693f54058a9ded3b83b0edd8e249f187b7e6abc8d743bc951a61155e8826675050a483ec36bc4c0c07e32cca792cc29825215116f73b1624d80f4ef884e79c588732a002011cb1700ed00ced8479ce274d83302e02888661b93b93fa714c791b9f16be9606ca5f8a196a662ec5cb32c80092677023d3f71896b6629d16745a70a40505475fca67b89f5c0c2a97a8ade6104380ac4ed7dcec7ae3bccd55352a062796e029054349b735c8f5ff009c7a9e12151c2675a8a0d1a8b3492c26f2477fece01a95e493516e6fbc47c87afd3041cd3bce8e9b88e96fb4dbe78ef27c3dea86034fc424b92156f1723a491f6c34556d82be4d64f869a85595588126627d2fd63173f0df80deb0e53a69b99688ecc0e86333789014a9bc1b61ef83bc17e59635812a9011664b69043334eca5811a4cac113b0d37ec8ac091005fd07cfbec6e7d7df158c2fb1d47e4a3d5ff000eb2f91a6d99566a95169b479a15d0123729a6fdbd013e98abf09e0b4b3a8e15851ccd3bb5379d0c0d83d36dd4742a660f58227db731cca401ec4f7e91bec7afd31e39e30c9d4ca66dab539956d5b402adf12c0b5c6fee0e06685c3dbd99ab426e2bc12a50b56a64412431833d6cc2437b03db15ca6fcdaa65cdcdb689277ded3f4c7a53f8c114ac382194123a41120345a63a1c435b3b95aac7565e81f5550ac677bd383f7c79d8bd43af7a688f3e2b68a18cd49817f7de63b0eb8916ae8026003f627dff006c5aab785f2557e07ad44fa36b5ffd5eff00feb01d7f03d6d2c29d6a35810624f96f3ecf29ff00ef1759212e98919c5f914e438256cc339a614aa8fcce8babb01a88926f867c238756a495056a6e814860cd7533630c254ec363d711e4b84711a060656a303bc21707d8d2260face1ed6cbe6053515a8b53d60f23905a06cd1b81db5006c7099dbe2d56be4d91b51eb42d4c154408b49381aa5028403d460bca363cf9f5a3969132213be1c51a7a5401f3c2e417ed87397ccd3899bf51d71c39e4f5a253b21a94a1496b0fbe15e66a6adac3a60ccf6675d87c3fbe04718b7a76e2b68682a2c749aeab71655b7fecdbc76237c665a82d4a85d882a2e4b48813a8fc43a28d3be07e06cac84b0981a636dfe236de144eddf0756cc2a5276ea7a5ae4dd8743f081d3a9c7d462c8a51524774768aa788e4d46aab62a609dc346f316dfbc604c96755bae96ebdb05e7689e502e7e23bc9e82458c1f9f5c0f98e0f34c55530faa34f46b127e76fdbe5cf963c9f289dd872f1f6b0d459bc43771b1f7c35e19c55a9124a965221d45e6d68f51d3bed8a5e438b47591d3163a1c4617544afa1c4e12717675b4a6a98d78f70acad5a89750cb11e55be200f313bc08c503c59e1d2b54842ed4c372381220df49febe98b752aeb514154218bc2b820c0f5076ed88eb8f25ffcda801524851aa3de77f977c04e9e8e46bc144a3c22ab00de544dec6d8cc5e7feeb71f0a003a5c7f4c661b9038c44d4f2a6eaa0ea2bd22dfd8fe582a895a7a7cc408804050258f72608924f5240f4382eb655583805c011b72cdbb8dc7798b8daf84798c892c743822d6feb8e2c72f9162e83eaf115661a57481dceabfea810074b638cf7102c5657a4b4003d01803d270070dcad5d606938b1d5cd65529fe251aacc931a81d17b1f86ec3f37ce37183c23293d8655209c8351ab4e9f975590a88066493a79c007a7a5a7021c8d3a8af4c5162c188604f31806f03b1d87ae1070ca941eaeb50529dff318437f84efb0bf583dce2cdc157507a9a55b54940ab06639b575e9326e40fa27f0f8df76493b293c7721455c0a641363211815ed12075076f4c26a948f98c093112605a07bedef8f4d7cd51aa81ab80d46a29a9ca658e942140313a88262e4090441c5069e54d4776a6d0ad1a119599f4dc85e517610aa7d4cec271dd8a4dad85c68ce1194bab05202f5f4bc7ccc1fbe3d17c2fc056054aa03b4ea4856b7e1860482a3f29f849b988822e0f833c3aa1bcca8b5756a3a55a54aa92aca4c6f0a275002ecc2f618bcd0ca0085dd89530f51a0445b5448b881d3704ef0a074c20bb668c576134a8e91792120104733189b5ef603a771ed3d3ab369bcc113b340b7d0f7316c0d44f9843b017d2ca0693a442906e0ea320c40eddac7d2e4592c585c83692bb88d3bf403b9f718b0e4be66951244d84ec3d224f7d87ae299fe27d709966900b312a84f426cd7e96d4607e8c5a3f895767820953044cde040ea22e37efd31e67fe2956f359699a8b4f482e431dbf2a8327b033ff961272a42b748a0d4acd0c0499ebdcefbee4cdfeb886b52223535cf5f58fb11834e5a96c9541236ec7b5ed7f48c0b5280d27cc046981022249e877e938e7b564acc4e2d5a9c43cf400f303b46f71d76c3ce0fe2990359f2cc4cc92bebea3ef8af2651771717304ff77b603cf6580d2cb241b8933d768ed812c58e7a6bfa8af1c25a68f52cbf173009208224303208ee08b11ed824e70b76c79ae4b88351034180dcccad7463b6d6823f5020dbd71e9547c33995a02b1d0a741a9e49606a05179ec6d78dfa6f8e1cde9a697b1e8864f4ed6e22fe2b4e5646e2ff00d70251aa7a08c34e09c6511f53524a9fe97e9fdfa838779ee27c39484fe194a303cf4cdc122e006036d56edd06238f1a71a7249ff51238f92bb2b54ea4ee705d36c3bccf0ea450f91454b5583483132a9a412496680667af6ef8aed2d5244191322368de7db10c98da064c6e1431ca2231e72caa049d0ba9be93f7c32a9e1968056b512089f8a2d6837ee481ee4602e119777d6154b1291037bb0fe538d54cad501a29541009f84c9d31aba7407a61b12497ba37f98d08aa5a0fc964ce5aa05acc3cba8a4ca0d40916005b7b99f4c49c65d4808aa3624e9b0ef077120281f3c01c2b8654502ab2c6be5513cc25a1891320c0603e7863ab55596ee2350ff50db63f02f7c7b5e92125069e9785d9d1054ba14e7b270da81d890a0ef2011222c48126041bf7c72e68d46f22b202539812f103e17302c4f2f4ee7b9c32ce9eb0640d5dee49ff00ed22c7e62f8a771bcfa87d7555e5ce90cb7044c93f5276c3ce3c1178ed8bf8de5d5eb29a2081f07a113cacc3a7f4c33ab956cb97a4f5869b0052fa89130a4c0f73884d07ac06611e45142bcc341583691f98df1df08ad52a239a855c20b6a3241fd57e938849dab2b19b4665f2cea0aa6a531b11b8dc92463bcb00554d427941e612148f506f6c30ca8d6c5d94ba8953a1889b41998107b602cd65dd082ac45326169806d26e7dbd313e57b16c929f105501652de831984d98c992c615889b73c7da2d8cc3e8dc8b3f9ba4581226648161b0136f78e93f592a505650597b5ba6ff007ff6c2ca5c5418049ed1d00fe71bdce3aabc519c000488d4440056fd7beff5c79ee0dfd04b1ce4a85252244cdeff00b01887c55c52ad0a5aa93a8d3fe91a401ba91049b1f4beddb0370ecd012a6e2f03aaf63237bf4c7798e182a0285fe2040d81526448378df7f5f5c655076fa336ca9d1cf79ad52aaaa69500b201a4af30bc1dd67af498c7a0ff00875c432d95ca8d555589e666d3024901544ee6e67bc31e870054f00515a69522a862a24086a4f699904b0103eb839f8525046af5a92eb77228a0260330249d020113a8c477ef18ede7c5d47c6c68c4714b84366d2b550de50ad210690c6072860498160200b581c79df86381bab697211c3910ea19d95582d455d2f0814a310c0c80b23718f45c995fe12aa2300a8a34ab15222012185e16494d20cd8c41888b84f0b4a6eede5b6a751ca54009a13472904d9828201368dc1c74e3e3a6977fa85ad84f06ca5162c6f0c03046da27506e604ab7346927a58441c1598ccf99a34ac892b01af7860d3121748933d0820639e215d79a983008e72c4a8e559b348880a09264e9eb8832d41a99466aa6a295224a736dcaeaa01258c937e85441c5dec033caac0540602fc5008b5ac22c248e930276c479ecd42e94895e96d22c020163fa908d85fd31294237fca3e393763f101d962f33d4763299183bb31fc35a65186a4e72080446da54b0263b824d8e0989b399c2da28be90cd25a0cc156569b4402baa08b48eb18f1df10d135f33559ff0db5986903528b2d8dc18831ef8b778bf8c3f955d9a9a099a68e07e24163a8c0ba30d1d48989f4c50ab719355941557d234ea732d00581300b7cc9c4272be89cd82364cad50a4dba133cd6dadde30cb32948d33a94936e6dae2c64137f9e07ab555501d1691a00626fd4c1076b7db1ce533093e8fcaff004b34770778e84e26edd311ed03d5cd2a359093db6dfe6671c55452c09042f55de3a83b7ae27e1b9146ccd31559c26a01b4c6aea212c44cc6e23f7c5be93f0ed1529aa3b5007454ae48f388d41c1422544444691b11d6ecda8ab1922b997c92d75aa5aaa5308ba9752b12db59748b769302f8832f49c65b30c84c2b5242c091018b96b4cfe916fd5eb8b1f10ad925a1a72946a48a68cd56a3733eaaa820858001d3e917b0bccf9ee0b9534f26945aabbd5ac1dd4db529a64b916175540bbed26f230bc92d7efe475f030e1190cbe66853a7469d45af4969c924bb302aadf89a5428907e2e84804c0c05c7b2af48d35711218eada4972623a10a57166e1bc2d29f994db97cca82ab056685e554804c34724f6b91db0bb8e7006ad51aa2b16b0d0de6121446ccad65db718e79e3e4eebc19e38ca2fc309cf665464698ae75b95fc1222164c1923ae9ef37c2aa2baa9799456a4a03e63c889824445fdf7c31e23c3e9b51a34ea35446a6a4280aa15cc8d44b1300f603eb8878370fa4011cab1a49769e5dd98ec4ed18e68e17572f9233839497e047c25aae8a844d39d23530831724a8de600bfaef86f94e215b443d477d16058824da08b81698feb8d796c29945615003fe64f29580dbb74827a4e23ae19298d457a47e5906580106f23d075b63a712841f1f2d8631e2a91994745ac5c01500563cc089d200de0ef3f6186395e24cd51fcba694d40043d3966de2154ca0244df4ec70b7857107a5abcb0a182a82c4026092c54122d20763b0c586971e14491fc32d330b12749237fcca24735bd671e92ffa2ffd0a7e6c53c6a9f2bb2c2a958563ca248da76d579b474ed85fc2a82d3a4a74a90275999516fcb3db0c3c779c5ae997a32d4e97980ba2a82d010b0d3123781f33be2934b3653cc63e7b0d47cb2c2da7fd23dbb818e5f54f93a5e0ac1f15a2d669231766a88751d229c2c6d3ca3d00dce10e46bd097416600f398be9e96b604e0199cc29a8c42ad3d05915d0171a8993a41ee3ae38f2218914c73583148b401300c7cb1cd55a633617578cd4760b4940d0799d89000ef031cd3e2952ad4fc3d469a900b4409eb61b0c10994a22fcba944b183cd6d80f4c0f9de24e516953040fd416008e9031a3c5f4625cc662886373bfb7f2c661436487e7a84b1b9214de6fdf198a7146e46ea82877b7db0664dd5bb0631fb18febe97c2e47d6245fbe38151a9b449040fefdf119fbb44d22d792a8a098264741f15f6fb7418ec66e9ce90a48bda7e40401fcf15acae761a64f5f4ff8c1796cfe912845ad246deb7b75fdb1178f662d1ff7154750aa602002260c6d79ec2df29c194f8983974d451dcb92103095500e8dee08da77b4e2ab5f30f54729d2bb9006c40b6a311a8c0fa8c454d581bef8eb8ebb7667268be70e6352a690104e920106041d416fd6e6d06e2670c0a7948aa48351ec86a37c3331a88218cc7a9923b62b5e1ecc9124b00db89133ec7a62c1c3aaab4b0d4f54830d24f7d8116804027b08bc62f09718d0ca568d0e18baaabc92ac18b0006a82d350163b880140f43d705d373cb518926793692486620472c402351e85bbc95b41f452a6ba98b23736a26446833a9449b1120ee67a0c199aa8846a4d44ccaa981a80696326e01201e9215408be2b09d2db091f15e2829a84565f302980444b152da9b480149326fbcb013385b9ece0a745b5538a928cc54b2eb62d08c84c3103cbd8fe5b193bf152bb3e618d6540889ad9aaa8f2c9309a84ef2c06f6506776854be21e374d730a2aeb6f2c6ad6a0b3231df915ac02a3130279966230cdf93312789388195cb09f2e889218ea258a8d46f7b6c0122d160666af532149989a1515d883cb0cb37dc03fee30cc555ab98a85df4970cb064dcf4d4c6e576b93b6f85553858a2c4aea6d3207edaade98e68beddec8dec93335a99fc361a82728b76f88de372498f6c30c8e532ee2a2d3a7e7546a674d9f50208134d52fab63b1b2fbe11d7cc89d4d70ddb79f73861e1de2f5d0544a359a9a9566203051a945897b40891bc5f0dc5a5761a3ae29e1eaf931aabf23794ceabaafcdc8ba86e846b9bf6f430da864572b94ac866aeba7e6233522a65c68410e0da6486ee3a13857e4317cc066626a558502096281cb6e6e60af738bae7382b57a2a2b6aa68c94d99c159580a4aa2b9bd90dcd848f59966c89351f0d8508fc0fc392ad075acb518b2f9322a0454872e8eda8f35dd4006dbef23179e05c369d0a48ca353aaa235455260016bf4049bf7f95b172d4285114a82cd25593ae4b6f24beadcc827ffb08b6262c2039d0022c800192472b7532363302dd710c99e3c9d3e9b1c8aa718527fcb60ab6626016b6c2e605ec7a9118edf89d35ff0032838110a16224824b10605847cfdb11e550b925e6cb105667b9127afb40bdcf4372a72f52a352ae4ad67b2ea0469022c09b498123db14c739cf76b7f737815af104a812954a4cda84a859d23b6a248d23adfb601c942175604283240208331a006fefed89eb503e71f8804b805770aa74e99b1bd86359934e9d3576756e605e96afc40361b48de7ea0e0395ae32fdd8aedb20ce0614c2f328aac58c82a082411f16fb81bf5c479a70c204159591f15c852bdc6c31d7107a3a09a756a4aea3a2a449b4729122047d877c7395cae94f3aa3fc3a5c0360069b4c5c9907b98e97c556484649b5d5ff00a26d309cbb2a29a854133205e2c796d7b699bfafa1c4d6a601982c033f5bb19e87d0f4c2ea155aa8156a1e472da1144305524a992363fcfacd8bcdd63a82533cd752418f8761799933f43db15c73f7b93dbafda356a80b8fe690d4a746ad53497766552582cfe51fa9a0a8ed2c4ec25471c6a3459ce58d4afab48a7a989782a351b80041913183733c2cb660312ccc10281f964eafa9824cec20617710cd50a15669d3abe69e52a637911f0ee3d0e23395cdafdfe0592f691e4b2750d3a8f54bd1274a93e64b95ec2df2b77c1d52b3d432aa7490219f94edbdc4fccf6c0b9cce22baab0d6d1aeacb6dd818fdb07a66b549f2b5189a6bbc762d8e7936fb464f470ce2828577f309004c0d460dfd74fae22cd7146d7a405511307e231fb08c0b51fc9fc4ac07980126e3dec3b0f5c76b4b5206254b7c57dc76c14bc8419b3957a5311d3fb8c660a5a6bfa7ef8cc3f246126450093aa2c7bf6c31a1495d0976d034983a4900f40481227bfa612657383d8e1ef0dce5509a10001893300cdba62b8f8c5b73405a0419472405466ef027fbdf0ef85704aaed0405bdc3758dc089f9ec2f8d70a109040d62182c4b12567dc6e7a8c3bcb530eca1ce93e6052ea4ca1680a1869b29ec0d8c62114e735119476715385c2aa8058cea2a5a3bc1916eff00be0dafc1a0a2a10d2a35103b9004cafb4f691dce18d3a2292b5356d61254c1db9647a474de67df0ba8e607f1145988e75203699931ca17dcac7adb167e9e5869495d809339901454156d43a9ec6623ec712f0ae27511a40b891d2e08dd41dc8b7d4e27c8666928a94eb896626518c3c480008bcf303f3c15c3b86d26d4412a80c881f1888124f417bfd0e34e326d716071f2857c433b5aa1d52430b1b418eff59fa6207aef00161ff00f7f7d87d30566e9a1d7a7cb575d4237d302da84806245cdac30251cd6b332762ce0911a469891d4091d2d71dc8e48be52f6bdaeeeccd1aa99d4a748b10bac800824c00ada80d022c4aec48106f6266bdc4788e9c9b28110c096d301ac19cea704905dd25434cfa5b05f19e3451cd35a68da6a056f30c06408092076d4e14120de3e50717e14d5b2c599850a618316a94da34d3d532000033556668b00157d67d0e4e9291b652f8664aa661de29bb2a8e778e549074b3916516373eb830070caab591cbaeaa6753687bb295e650d2a548b804ef8d78769b22d757704bd360175483234a15e841989edef837888ca22aba494a48914581d7ce59c33359402584889131da4b6aea84659fc3fc7a85345a6bc2a9b554e6310cce74952541d46e09dcc5ce2bf5b28a69d5afe4b51075950118d2e761a82150260f4906360b1182b2349aab79b4ff0e9bd20a86b45305b5035150c410c1469824ec7698b1f873c38c01f3e39558d3a5e613a8a85d2ee8cc40d4c0b0598237dc83294e5d37f01db42ec87867cda82bd62169286a805c135352c95dac2149333bf5338b521958a55548912542b492bea0ac0da7daf38db506a869aa9200d4c4bb405dc0583606e7e988d386ad266965e620033373706d73f0fef8e2f53c92d7f47fd829510b0aa2933cc0624418b48d21afb0eb896bd0f2f5f2921474b800f319036da22fbe22cec53526ad476a5a85c021d0c1dcf413e8702d3cd3109e5d714b51860443311704c0b6dbfa8c72f18b4bebf1f280dd12e455196982ca33151a55831f846fbee84dc8b5c8ed869c7a923a0a8ed71cae3ada74b7b5883de309ffe9ed41436b6351489574e6889890458daf3313be1950a2d541134c4a89b914cff00a40ea08e83e98ea8e65c7f8696fa5e075d0235315a87966a353616721b7a658c344e9e8403ea0f6c055f234f56ad49a754e94d4c4e985599583117be1ae7ab2283456886645871f10d3621e4813009b401ef8ace6ebc14485f2d46905140dbbc7c46413f5c069dddefec24826a6529d52b2795090607c449d500093fcf1271be3d4da92d0397348219131a9bd48024137ebd70bb8765c2c86ba9662ae2fb006410646c45a0e24cd671eb05a73adae400b707f2dc8d658023ac5f1d38dfbb95dd8be09b84a865f33558282a09589067d954ccdced38972b52a542cf54040411f080547432a3d275499b77930d35024280594da9c1991c80158d811d62e30465e84ea3503241864a9ee0dffdf7b606394a2e52bd5f9351a7ce3028a74d97512a61841e6bf45bc9f68c53b89e5db2f5492c4b39915ca98bdb52961d0db0f7c4b9801745201aa12884e926351b2ac5e492abea5b08b8cd0a46a53a2ee0e950ac05490cebf1cb4d803ca0100908081070f08cadc9fcbb28b6a89382e4b51264127999c825481dd8e1eb9a74b51468246e2663bfa6126503d61e58654a2a4a684ded7d466f189ab5114349862ad2559819a90609bf416c4e6b933501e7f869770d55c4cea50449206dabe78ca3c3341767a8ccce2dd23e5b463799ccf32b104b1eb3004ed63be05af9bd0d3249627e98a479550039913b938cc2afe3cf63f4c661b8308a787d4b8b4fa62d797cbd36965254693302e4cd8dc9bdfb0dbd7198cc59a4f224fe82a07e019b80d4eaf5704301799eb17f96d73718b56572e3410a480ccb254906402cac41b1dae204408eb398cc5bd54563f551e1a182fc2eb52b35750431bea6b824348ea4769ef89f3b9375aeba9c928c1cc75b7f5e9ef8d63303d642972bddff0070b1aa7046cc0a555c8923581d37060f5dbd7afa613d1af529d67a4ce5c2088d848160a3604feaf41db198cc4f2608470f24b77fe4de49b31c3ea336a42dab55d469058e9d8b123aec6f138ef82d21447e299770ace2f6d4a75411d0c13d7e58cc663cfc726f95fcd05a4312693924a46993bf41041dae6c37edd27140f11e56a3ab2a9d542c586a328a14698d512d6d44c5cbf48c66331b149d8059e1ca219946952574056322175ab11633cb123d67db16dcdf02aa996ada9a9d32c492026a244685506e04341b8b8036c66331bd4e49466abe49a35e15c9d7cb658b560bca41a7117d4d22749b19933d24e1a3e7b536b60fa348d30c0126d33bc0b6c37f9ce358cc0a526dbfa8eba39cad56d6ab469ab972518b8049055891248befbdb07ffd258300e63428368e4682aab63700c19006f8cc6639a3eec6afe58b1e807cc665655ac20924aaeb1ae6e67508006a989e9d7aee9834d56a5454742218b286d47f541ec447cf198cc097b6abe00cc6e262a2abafc10da81100a8810029d874db1de578c6829461598a900de7996541303711241e831bc6626f731a3d8066f8ad50acd5405432469035369b2ce9368b5afb6f843e23ccb0141a74a320102fd4993ef73de71bc663ae3b944120b35d9e97940ea70ba6e23f28244f5e502f883c32e1b334c9f8509536d9a0826db8d81ea64e33198e8c5bb0162f138ac3305a93840515a139492447c420ec07cc9c2fe25569e5553cc77e683a073b1276bbf28f7bc6f138cc661e5f1f2c762d24857a8cda11c8f827950ecabd75b19e6e973626c9780e5e84d54aaec94d54d455513216241304c99c66330d8f6dd8d485197e28c6ac53104c81e83b13b981d70debe66a3100bead0020047283d009e837c6633149c52e859323cd57046fd8ea8de76b1d8f7c2f7cc4953d4ff77e87198cc2c43e4e16a1fd43effd31bc66330c03ffd9),
(38, 8, 'Via di Tor Vergata 44', 'Ho trovato questa nella mia casella postale, è di qualcuno?', 0xffd8ffe000104a46494600010100000100010000ffdb0084000a0708161515181516161818181a18181818191c18181819181818181919181818181c212e251c1e2b2118182638262b2f313535351a243b403b343f2e343531010c0c0c100f101a12121a3421212134343434343434343434343434343434343134343434343434343434343434343434343434343434343134343f3f34313434ffc000110800a8012c03012200021101031101ffc4001c0000020203010100000000000000000000020300010405060708ffc4004510000201020304060705030a07000000000102000311041221314151710506618191b11314223242a1d1075272c1f08292b215232443626473c2e1f1163334445354d2ffc40017010101010100000000000000000000000000010203ffc4001e11010101010101010003010000000000000001110221123113415103ffda000c03010002110311003f00e3fac5d02b4529d44072150af7d6ce45c377ebe1db39e044f5f6c1ad5a3e8dc7b2e801ecd0588ed075ee9e4fd23836a551a9b8b321b1e07830ec22c7be708ef29604bb41510818691443b764053199a1626595684a65da1400482dcbf5c2437116ed119ab047ebe926589558ecf61aeb2d89aacb2ed229bec967c3cbc6455aa416411c8349445e3548b1961a30acab46a6004b32f2496803242bca817712d4095965ac2a1512b2cbbc8612c5d362bb3c0ea2392b8f896dda351f588cd16ed2e6a6e338a83b083f38b75b6e9821ac6e343d91c318778bc7cd3ea0cda4b435a8add9cf48469ef12297696049acbbc0997c60b0b421009814403b2769d1dd1de8e8d216d59339b8d6eccc6ddc2c3ba7122652f4ad65014547000b0172401c0701d92c73ea6bd7306bec27e15f2139afb41e86cf4c62507b482cfda9b9bf649f02784ea704bec27e15f213302060548041041076104588333aaf07430c89b1eb27439c2e21a96b93dea678a13a6bbc8d8795f7cd6095a9576979245d2142a94c2cf2a5110a85af136cdb23f2ca06d1a96685689d9bb8c314b7425784af16d59214524b911c651b418566ecb72fa4b07f43e91a1774034e0586bcab40cb7dd2c022015a54bcfc65980b839630895080cd08349b65e581098244a2a46d9625354534945219bc807189529194709657b239a983072da5d314838c62e9bff5ca2c830a98368a86ad5e2210b198e1258593174ef47c0c5b536961f718c4278dfce4520f28ba875998586f1689a94c5e254b1ed382f717f0af9099a866160fdc5fc2be4265d399acc69bae9d07eb3872505ead3bba5b6b0f8d3bc0d3b409e4027d054ded3c9fafdd0beaf5f3a0fe6ea92cbc15f6ba77df30e6784bcd58e594c2bc1124ad0c185160cc9a584a8eb9969d465fbca8ecbdba8168c0bb4ab479c2d41b69b8e68e3cc41f4677823982202ad20109881f10f1117e916fb4788855b3405690b026d717d7789034b8ce9cb0d75d9ac4aade3912c266b52a20d3516ecbc16109818057b65682d04764265d20e58671724bb9de25dadca10bbcbcf6dd1f8508490fbf61b902fc0da26ba05de3c6f29b8616bca280c55310d448a1c8774b118b2da0c0012a1e592d02b2cac908f640f4d6da2244be2ed28ac68606532c0515914465a56581418889a845f67ce320541ac44af4fc3f59e9045f66a1b281eeaf01bf349ff16fdda2dfb4e0790339c45caaa46f0011dd2ead70a2f6d9ba635d273cba41d6a7dd457bdc9ff2cd7f4df49be2691a2e881490c08cc59586c2a49dbb46cd84cd6ae2411b748cf590049eace797375fa1dd7ddd47eb74c07a6ca6cc089d5a63013cf6437a48e2cc019afaab7fe73fa72169f40753706b47058741be9873f8aa7b6df3633c5ba43a23282c8774f74c10cb4d17eea22f828135bb1cbae6f2d85c4ad26297962a460c928a76eb16d85a676a29e6abf4822a430f012dd13876db4691e74d0fe531dbab1823b70986e7eaf4afe3966c03cb0f2a78d43754703ffab4072a6a3ca2dba97813ff006c9dc5c7934dede4bc8ae71fa83803fd45b955adff00dcc7a9f66f806f81c72aaff999d66695794d71cdf66783dde9872a80ff00129887fb2fc31d956b8efa67fc93b9cd20781e7957eca53e0c4b8fc48ac3e444d7623eca6b81ec622937e2474f2cd3d615e344a96bc46bfd9b639762537e196a0d7f7c2cd4e2ba978f5db85a847f6723ff0003133e829465c57cdb57a33114ef9f0f5940fbd46a2816ed2b30c5643a5c5f989f4f88aab8747d1d15bf1286f3126447cd22469f4256eab609ef9b0b435e14d14f8a8135b5fa81806d7d095fc352a2fcb35a3175e1d2e7ad623ecf3004d857a88787a5a67f8949988ff6588c2e98a6b76a2bfcd5849f29af2f2b29819bdeb57575b0355693387cc81c305283de65b5893f778ef9a4264fc500966f08ac15beb71cbb4401dfa4b32c8824409689a835864caa8758895d152ad99429db613031989da38020f84ba6e6c2dc043f4218dc807883b0f31be65d230b0d8b36b42ad8ad36c656e8c37254dbb2da0e5c04c1af8475f849ed1acbe52db0d4aba8b1d936143196db39d6761b01f08c15dc2dcab5b8d8dbc66be749dba6f5bce427681de4da7b4a34f00e86ae19e98bea6a20f17513dde9bc9989d5dcaca064901d20930c914ba4a936c751adb5394dc69b1ac7be3a8e351ad95d4def6d7868668531286cc6a536199753448256ded2ece045b96f94959439bfab665ca01caeb66160b736b001548dbf778ebac675d3de315a6bb018977d5bd195b68c8c5b5d081e06674869c0c289568ccd202bcab4a064bc0b952af04b407218f06635331ead2b43920179598f19ad0c94ce00d48f18973355d2189cb1a8cfc4f48a2026f7ec1bfb2683158a7aa6c49d7620d9e1bccc36af9c9ecfa5ff0039bbe8bc19f461ec6efadbfb3a8039697ef13376dc4d699908da2ddff4929e20a9b8254f106df31f9cd8e2a9bafc02dd9304857dd66f0ff79711a0ebf87c4d3a6c143352ce588f78a35b77665bf7cf3769eb8f4ca9b4f3ceb5e0bd055ba8f62a02c2df0b5fda5e5b0f7c97d595a50d20d25a303b3fd6532c8d2af7837906d91840978ba805e1c07db112b734a9020729974e86f834698b0e43ca64d362261d44cb61aec94880c277b6ed378e1da212e9adf480630a0ca385b7d38c35ad6846b022fdb0b1814ba1a92d4150290cacae00365ba9b8397989dbe03ac04db3a8b71171f59ccd37b9f94cea29b871bcb6d59cf3fe3d0309595d6ebde378bfe51a5268fab8c73802f6cac1b96d13a4648e6ec72ee65c8c6c9d905b0e8db514f35066495902cd30552a2a82caa14700001f28c021012c08156977918412201090995694604265412655e50d478d53318472b40789716a61030d05e739d2e759d234d174a51df2b2d2e18df38d9663cfbf8ea0cecfa12a86a096dc0a9e6a6de563df388c41c952e363fc986f3e24784d974374afa02d9ee69b7bdc54f10249e5d4764ca089a1e93c2807301a8f2de26e696251d732b0653b083303a49afa692daad1e269dcaf6d870df392ebfe148a69994821fcd4fd04ecd581704fba2719f6898a5cc9451c9f8d87dddca386f699d58f3fa947e5179d86eb899ec910d4b85c4696121d4f61e0611104523ae6039880548d87b88d254332c5545d6316b7116f28155f5886ba4a6fa0e43ca30b89af4aba0e425ad599c6b59ad5b2ebb46f1d9c44c4c7f48aa0237db4b6fcc343158aab653af2e7354f4c9d4ed9648b2b2bf96767646d2e981b09fd739ad1870db44456c191b099a9217ea3acc274806d575e5aeb3a2e8aa555c8b0ca389fa4c2ea87448187a6cc356058fed1247cad3bbe8bc30d34d04b79919fe4ebf1b5e87c10a697f88ed3be66168b7a9a0020a99ccd36f2d6088c0254492d24bb40a224cb2c09200453999116e90124cab422251944118862a12c0c9530c40430818c04662e2e8661328197695a7298dc05c1045c72bcd355760d66165d837dbfb47b3cb7cef6a500660d7e880db07cb430cd8e670971aa311da0e9c777eb64d931246a4999d4fa0886072a8b6fdf36743a396e336b6ddba3e6d47398f0f4f0f52baa02110beba5c8d834db3c77155dea3b3bb12ec6e4f6f2e1d93defae8b6c06246cfe65ad3c051b4d7c63a9f322f3e98a2e3522fd9f491922d88dfe224cc771bfeb8cc6363c9df00f290d782d58111953612e97d662d4a3accc66bec98f506b3519ace46d9ca47ae1752663a3e6b5a5940c6db6d22c9697eb199b6c6bbf9424c1a7dd1e122e154e96b1e23497c6e6c2e998551efa6fd8399d9175b0aea7460798fa4c8e81c33d4c4d24602d9c31e49ed1f2b77cb233d57ac745e1822220f85557c001f94e830cb6135782a736f4923aae721a91aa20aada31665a1ac306083a42106aed25a4bca0605c969241024969241035d8fe9114dd5596ea4037056f766c80589000b91a9206dd41b029a1d2b4dd82a86b936b9016c6ce6c41371ee30d9b6d36eca0e84022e0ebaea0dc1e60807ba464076807baf2a35982c5a5550c99bb6ea4006c2e3311636bdb4e07818f4c425d831cb95954936b5d943003b9843f44a0fb2aa2fb6c00f2e43c26bc5446701f0fab320b95f88b32162dbfdc5edcb63b251b118ba77605d572920e62145c5ef6276ec31c6a20b5dd466242eba12368078fd269971742abe4286e1eebed30ff0098ca198d8e8d999bd9dd6d72de370f5f0e132316408efa12cc49646049363ef2bb11aebb45e6b0d6f3d16972612209cfa6168be6cb55cfbeefb2fec94cda000e8469946859bb26561b04f7f6710fecb7b4195b5b95a96d5ad7cad6bdbe2ec835ba0a210135e986abe933354ba862426cb290e2c6c35f793f778ea760b09a921324a8569bae47fa0e27fc27f29e04ec353c37719efbd731fd0315fe03ff00099f3e2543be4ea79179a320c5b08dcfc2566e22d30d145bbe030b437494fa0889421ffda2cb082c7ba26ab9bcd626b351c05ee8bc336b35cf8a24586c94b8a611f34fb8debd50077c5256d499a67c531db0d31646e8f9abfc91b77adbe741d40a19eb3bfdc40a39b9bf927ce714d8bec9d9f50b16152a1e2e3e4a3eb2c989d752c7a860e6c9184e630dd2034d66c131c38ccd8c4ade0712c389a918a84315261adb8712cd49a818a85eb518adb7a4961e6a93151cb88ed9706c734acd3085797e9a159a1a15e612e2219ab188c9cd26698c2a43f49069a66b70e988522e4db4b8cead606aa122e76d933ebc0adb5d99eaf0838946ba93e27dace36212ba29f6edc176fb56b0fbbb7598d5ea3b02b530e32dae6c8d73634f3d9d78dd88ec5d7789bc0f2c34ab8d460b194490a283a165cb72a3dda8d6604def7ccb73bf4becb99bca34d56e40b66209d49b90aa80ebd8aa3ba007841e08c8065c487848f286da4cb294c384ad2f5b75c0e2bfc0a9fc04cf9f5927d09d69ff00a3c50feef5bf81a7cf25ec6d275f91ae4b296d41859a32f780cb31ad28f64c77ab6dd18cb14a08da258952d7178ba9b66432f088a9b6351ab108496926dcd604bc9295a3442c28ac652aee9ee3b2f1b1224025aac698caa7d31885d955fe47cc4caa5d68c52ff597e6a3f29af548c14849f47cb714baed8a5db90fec91f9ccfa5f68557e2a4a79391f919cd7a1121c2acbb0f9aec69fda12fc549c72653e769934faff0040ed5a83f641f23384f55127aa88d87cd7a3d3ebde18fc6c39ab7d26453ebb61ff00f22f7dc79cf313838a6c2708d8657aed3eb861cff58be226751eb0d26d8ea7f684f11386320c3c787af785e96427461e31a9d26bc44f06149c6c661c98886b8aacbb1dff00789f38f0f5ef6bd2238c2fe501c6786d1e98c48f76ab72214fe53329f59f16bb4ab734fa111e1ebda97a4446263e78dd3eba6206da6879161f59954fafce3dea3e0ff558c1ebeb8c8c5c5cf2ba5f6849f15271cb29fcc4ca4fb40a3bd5c7ecdfc8c60f4ef598c5c44f37a3d7dc31daec39a30fca6c30dd78c2ec359751bee3ce30d774311786b5e72187eb4e19bddae87b33899b4fa610ec753c9818cabae9d2b76c72d69cc8e915fbc3c6317a4c711e3188d875b1c7a9628ff77abf34613e7769ec9d73e981ea35d41d59427ef3a83f2bcf190d17f23513311235536bda5dafb20b1e2267c545ab79644042215e4b09522cb42262aa1d6216b5e04abc924db9ae412e48048f1ca24924ad43104681c0ca9265a12bfeb7ff00acacd2492a0d587eb67842b892491559ad0b303d9249021112e2549116a07221ad4065c92b212a21a54b76892492a98b63b2d29906f02492468229896157b24921951a2bd916f486f12e49409c32db4b728af565e169249a4a6a215f75dc72623c8c72626a8d95aa7efbfd649234c87be36a3ae47a8ccb706cc6fa8d930eaed9724047a437d231b1004924244ce0ca2649205de0543aca9207ffd9),
(41, 0, 'Via del Corso 22', 'Lettera di reclamo da parte del appartamento 4b', 0xffd8ffe000104a46494600010100000100010000ffdb0084000a0708161515181516161818181a18181818191c18181819181818181919181818181c212e251c1e2b2118182638262b2f313535351a243b403b343f2e343531010c0c0c100f101a12121a3421212134343434343434343434343434343434343134343434343434343434343434343434343434343434343134343f3f34313434ffc000110800a8012c03012200021101031101ffc4001c0000020203010100000000000000000000020300010405060708ffc4004510000201020304060705030a07000000000102000311041221314151710506618191b11314223242a1d1075272c1f08292b215232443626473c2e1f1163334445354d2ffc40017010101010100000000000000000000000000010203ffc4001e11010101010101010003010000000000000001110221123113415103ffda000c03010002110311003f00e3fac5d02b4529d44072150af7d6ce45c377ebe1db39e044f5f6c1ad5a3e8dc7b2e801ecd0588ed075ee9e4fd23836a551a9b8b321b1e07830ec22c7be708ef29604bb41510818691443b764053199a1626595684a65da1400482dcbf5c2437116ed119ab047ebe926589558ecf61aeb2d89aacb2ed229bec967c3cbc6455aa416411c8349445e3548b1961a30acab46a6004b32f2496803242bca817712d4095965ac2a1512b2cbbc8612c5d362bb3c0ea2392b8f896dda351f588cd16ed2e6a6e338a83b083f38b75b6e9821ac6e343d91c318778bc7cd3ea0cda4b435a8add9cf48469ef12297696049acbbc0997c60b0b421009814403b2769d1dd1de8e8d216d59339b8d6eccc6ddc2c3ba7122652f4ad65014547000b0172401c0701d92c73ea6bd7306bec27e15f2139afb41e86cf4c62507b482cfda9b9bf649f02784ea704bec27e15f213302060548041041076104588333aaf07430c89b1eb27439c2e21a96b93dea678a13a6bbc8d8795f7cd6095a9576979245d2142a94c2cf2a5110a85af136cdb23f2ca06d1a96685689d9bb8c314b7425784af16d59214524b911c651b418566ecb72fa4b07f43e91a1774034e0586bcab40cb7dd2c022015a54bcfc65980b839630895080cd08349b65e581098244a2a46d9625354534945219bc807189529194709657b239a983072da5d314838c62e9bff5ca2c830a98368a86ad5e2210b198e1258593174ef47c0c5b536961f718c4278dfce4520f28ba875998586f1689a94c5e254b1ed382f717f0af9099a866160fdc5fc2be4265d399acc69bae9d07eb3872505ead3bba5b6b0f8d3bc0d3b409e4027d054ded3c9fafdd0beaf5f3a0fe6ea92cbc15f6ba77df30e6784bcd58e594c2bc1124ad0c185160cc9a584a8eb9969d465fbca8ecbdba8168c0bb4ab479c2d41b69b8e68e3cc41f4677823982202ad20109881f10f1117e916fb4788855b3405690b026d717d7789034b8ce9cb0d75d9ac4aade3912c266b52a20d3516ecbc16109818057b65682d04764265d20e58671724bb9de25dadca10bbcbcf6dd1f8508490fbf61b902fc0da26ba05de3c6f29b8616bca280c55310d448a1c8774b118b2da0c0012a1e592d02b2cac908f640f4d6da2244be2ed28ac68606532c0515914465a56581418889a845f67ce320541ac44af4fc3f59e9045f66a1b281eeaf01bf349ff16fdda2dfb4e0790339c45caaa46f0011dd2ead70a2f6d9ba635d273cba41d6a7dd457bdc9ff2cd7f4df49be2691a2e881490c08cc59586c2a49dbb46cd84cd6ae2411b748cf590049eace797375fa1dd7ddd47eb74c07a6ca6cc089d5a63013cf6437a48e2cc019afaab7fe73fa72169f40753706b47058741be9873f8aa7b6df3633c5ba43a23282c8774f74c10cb4d17eea22f828135bb1cbae6f2d85c4ad26297962a460c928a76eb16d85a676a29e6abf4822a430f012dd13876db4691e74d0fe531dbab1823b70986e7eaf4afe3966c03cb0f2a78d43754703ffab4072a6a3ca2dba97813ff006c9dc5c7934dede4bc8ae71fa83803fd45b955adff00dcc7a9f66f806f81c72aaff999d66695794d71cdf66783dde9872a80ff00129887fb2fc31d956b8efa67fc93b9cd20781e7957eca53e0c4b8fc48ac3e444d7623eca6b81ec622937e2474f2cd3d615e344a96bc46bfd9b639762537e196a0d7f7c2cd4e2ba978f5db85a847f6723ff0003133e829465c57cdb57a33114ef9f0f5940fbd46a2816ed2b30c5643a5c5f989f4f88aab8747d1d15bf1286f3126447cd22469f4256eab609ef9b0b435e14d14f8a8135b5fa81806d7d095fc352a2fcb35a3175e1d2e7ad623ecf3004d857a88787a5a67f8949988ff6588c2e98a6b76a2bfcd5849f29af2f2b29819bdeb57575b0355693387cc81c305283de65b5893f778ef9a4264fc500966f08ac15beb71cbb4401dfa4b32c8824409689a835864caa8758895d152ad99429db613031989da38020f84ba6e6c2dc043f4218dc807883b0f31be65d230b0d8b36b42ad8ad36c656e8c37254dbb2da0e5c04c1af8475f849ed1acbe52db0d4aba8b1d936143196db39d6761b01f08c15dc2dcab5b8d8dbc66be749dba6f5bce427681de4da7b4a34f00e86ae19e98bea6a20f17513dde9bc9989d5dcaca064901d20930c914ba4a936c751adb5394dc69b1ac7be3a8e351ad95d4def6d7868668531286cc6a536199753448256ded2ece045b96f94959439bfab665ca01caeb66160b736b001548dbf778ebac675d3de315a6bb018977d5bd195b68c8c5b5d081e06674869c0c289568ccd202bcab4a064bc0b952af04b407218f06635331ead2b43920179598f19ad0c94ce00d48f18973355d2189cb1a8cfc4f48a2026f7ec1bfb2683158a7aa6c49d7620d9e1bccc36af9c9ecfa5ff0039bbe8bc19f461ec6efadbfb3a8039697ef13376dc4d699908da2ddff4929e20a9b8254f106df31f9cd8e2a9bafc02dd9304857dd66f0ff79711a0ebf87c4d3a6c143352ce588f78a35b77665bf7cf3769eb8f4ca9b4f3ceb5e0bd055ba8f62a02c2df0b5fda5e5b0f7c97d595a50d20d25a303b3fd6532c8d2af7837906d91840978ba805e1c07db112b734a9020729974e86f834698b0e43ca64d362261d44cb61aec94880c277b6ed378e1da212e9adf480630a0ca385b7d38c35ad6846b022fdb0b1814ba1a92d4150290cacae00365ba9b8397989dbe03ac04db3a8b71171f59ccd37b9f94cea29b871bcb6d59cf3fe3d0309595d6ebde378bfe51a5268fab8c73802f6cac1b96d13a4648e6ec72ee65c8c6c9d905b0e8db514f35066495902cd30552a2a82caa14700001f28c021012c08156977918412201090995694604265412655e50d478d53318472b40789716a61030d05e739d2e759d234d174a51df2b2d2e18df38d9663cfbf8ea0cecfa12a86a096dc0a9e6a6de563df388c41c952e363fc986f3e24784d974374afa02d9ee69b7bdc54f10249e5d4764ca089a1e93c2807301a8f2de26e696251d732b0653b083303a49afa692daad1e269dcaf6d870df392ebfe148a69994821fcd4fd04ecd581704fba2719f6898a5cc9451c9f8d87dddca386f699d58f3fa947e5179d86eb899ec910d4b85c4696121d4f61e0611104523ae6039880548d87b88d254332c5545d6316b7116f28155f5886ba4a6fa0e43ca30b89af4aba0e425ad599c6b59ad5b2ebb46f1d9c44c4c7f48aa0237db4b6fcc343158aab653af2e7354f4c9d4ed9648b2b2bf96767646d2e981b09fd739ad1870db44456c191b099a9217ea3acc274806d575e5aeb3a2e8aa555c8b0ca389fa4c2ea87448187a6cc356058fed1247cad3bbe8bc30d34d04b79919fe4ebf1b5e87c10a697f88ed3be66168b7a9a0020a99ccd36f2d6088c0254492d24bb40a224cb2c09200453999116e90124cab422251944118862a12c0c9530c40430818c04662e2e8661328197695a7298dc05c1045c72bcd355760d66165d837dbfb47b3cb7cef6a500660d7e880db07cb430cd8e670971aa311da0e9c777eb64d931246a4999d4fa0886072a8b6fdf36743a396e336b6ddba3e6d47398f0f4f0f52baa02110beba5c8d834db3c77155dea3b3bb12ec6e4f6f2e1d93defae8b6c06246cfe65ad3c051b4d7c63a9f322f3e98a2e3522fd9f491922d88dfe224cc771bfeb8cc6363c9df00f290d782d58111953612e97d662d4a3accc66bec98f506b3519ace46d9ca47ae1752663a3e6b5a5940c6db6d22c9697eb199b6c6bbf9424c1a7dd1e122e154e96b1e23497c6e6c2e998551efa6fd8399d9175b0aea7460798fa4c8e81c33d4c4d24602d9c31e49ed1f2b77cb233d57ac745e1822220f85557c001f94e830cb6135782a736f4923aae721a91aa20aada31665a1ac306083a42106aed25a4bca0605c969241024969241035d8fe9114dd5596ea4037056f766c80589000b91a9206dd41b029a1d2b4dd82a86b936b9016c6ce6c41371ee30d9b6d36eca0e84022e0ebaea0dc1e60807ba464076807baf2a35982c5a5550c99bb6ea4006c2e3311636bdb4e07818f4c425d831cb95954936b5d943003b9843f44a0fb2aa2fb6c00f2e43c26bc5446701f0fab320b95f88b32162dbfdc5edcb63b251b118ba77605d572920e62145c5ef6276ec31c6a20b5dd466242eba12368078fd269971742abe4286e1eebed30ff0098ca198d8e8d999bd9dd6d72de370f5f0e132316408efa12cc49646049363ef2bb11aebb45e6b0d6f3d16972612209cfa6168be6cb55cfbeefb2fec94cda000e8469946859bb26561b04f7f6710fecb7b4195b5b95a96d5ad7cad6bdbe2ec835ba0a210135e986abe933354ba862426cb290e2c6c35f793f778ea760b09a921324a8569bae47fa0e27fc27f29e04ec353c37719efbd731fd0315fe03ff00099f3e2543be4ea79179a320c5b08dcfc2566e22d30d145bbe030b437494fa0889421ffda2cb082c7ba26ab9bcd626b351c05ee8bc336b35cf8a24586c94b8a611f34fb8debd50077c5256d499a67c531db0d31646e8f9abfc91b77adbe741d40a19eb3bfdc40a39b9bf927ce714d8bec9d9f50b16152a1e2e3e4a3eb2c989d752c7a860e6c9184e630dd2034d66c131c38ccd8c4ade0712c389a918a84315261adb8712cd49a818a85eb518adb7a4961e6a93151cb88ed9706c734acd3085797e9a159a1a15e612e2219ab188c9cd26698c2a43f49069a66b70e988522e4db4b8cead606aa122e76d933ebc0adb5d99eaf0838946ba93e27dace36212ba29f6edc176fb56b0fbbb7598d5ea3b02b530e32dae6c8d73634f3d9d78dd88ec5d7789bc0f2c34ab8d460b194490a283a165cb72a3dda8d6604def7ccb73bf4becb99bca34d56e40b66209d49b90aa80ebd8aa3ba007841e08c8065c487848f286da4cb294c384ad2f5b75c0e2bfc0a9fc04cf9f5927d09d69ff00a3c50feef5bf81a7cf25ec6d275f91ae4b296d41859a32f780cb31ad28f64c77ab6dd18cb14a08da258952d7178ba9b66432f088a9b6351ab108496926dcd604bc9295a3442c28ac652aee9ee3b2f1b1224025aac698caa7d31885d955fe47cc4caa5d68c52ff597e6a3f29af548c14849f47cb714baed8a5db90fec91f9ccfa5f68557e2a4a79391f919cd7a1121c2acbb0f9aec69fda12fc549c72653e769934faff0040ed5a83f641f23384f55127aa88d87cd7a3d3ebde18fc6c39ab7d26453ebb61ff00f22f7dc79cf313838a6c2708d8657aed3eb861cff58be226751eb0d26d8ea7f684f11386320c3c787af785e96427461e31a9d26bc44f06149c6c661c98886b8aacbb1dff00789f38f0f5ef6bd2238c2fe501c6786d1e98c48f76ab72214fe53329f59f16bb4ab734fa111e1ebda97a4446263e78dd3eba6206da6879161f59954fafce3dea3e0ff558c1ebeb8c8c5c5cf2ba5f6849f15271cb29fcc4ca4fb40a3bd5c7ecdfc8c60f4ef598c5c44f37a3d7dc31daec39a30fca6c30dd78c2ec359751bee3ce30d774311786b5e72187eb4e19bddae87b33899b4fa610ec753c9818cabae9d2b76c72d69cc8e915fbc3c6317a4c711e3188d875b1c7a9628ff77abf34613e7769ec9d73e981ea35d41d59427ef3a83f2bcf190d17f23513311235536bda5dafb20b1e2267c545ab79644042215e4b09522cb42262aa1d6216b5e04abc924db9ae412e48048f1ca24924ad43104681c0ca9265a12bfeb7ff00acacd2492a0d587eb67842b892491559ad0b303d9249021112e2549116a07221ad4065c92b212a21a54b76892492a98b63b2d29906f02492468229896157b24921951a2bd916f486f12e49409c32db4b728af565e169249a4a6a215f75dc72623c8c72626a8d95aa7efbfd649234c87be36a3ae47a8ccb706cc6fa8d930eaed9724047a437d231b1004924244ce0ca2649205de0543aca9207ffd9);

-- --------------------------------------------------------

--
-- Struttura della tabella `rating`
--

CREATE TABLE `rating` (
  `rate_id` int(11) NOT NULL,
  `rate_res` int(11) NOT NULL,
  `rate_own` int(11) NOT NULL,
  `rate_val` tinyint(1) NOT NULL,
  `rate_txt` tinytext NOT NULL
) ENGINE=InnoDB DEFAULT CHARSET=latin1 COLLATE=latin1_swedish_ci;

--
-- Dump dei dati per la tabella `rating`
--

INSERT INTO `rating` (`rate_id`, `rate_res`, `rate_own`, `rate_val`, `rate_txt`) VALUES
(14, 65, 60, 5, 'sempre puntuale e presente con i pagamenti'),
(15, 64, 61, 3, 'non troppo preciso'),
(16, 2, 1, 2, 'prova'),
(17, 2, 1, 3, 'ghrhkehkuegh'),
(18, 61, 1, 5, 'paga tutto puntuale mai dato un pensiero, inquilino perfetto'),
(19, 2, 1, 1, 'per due mesi non ha pagato la rata condominiale');

-- --------------------------------------------------------

--
-- Struttura della tabella `registration`
--

CREATE TABLE `registration` (
  `reg_id` int(11) NOT NULL,
  `reg_name` varchar(30) NOT NULL,
  `reg_email` varchar(30) NOT NULL,
  `reg_pwd` varchar(30) NOT NULL,
  `reg_role` varchar(30) NOT NULL,
  `reg_addr` varchar(30) NOT NULL,
  `reg_apt` varchar(30) NOT NULL
) ENGINE=InnoDB DEFAULT CHARSET=latin1 COLLATE=latin1_swedish_ci;

-- --------------------------------------------------------

--
-- Struttura della tabella `role`
--

CREATE TABLE `role` (
  `role_name` varchar(30) NOT NULL
) ENGINE=InnoDB DEFAULT CHARSET=latin1 COLLATE=latin1_swedish_ci;

--
-- Dump dei dati per la tabella `role`
--

INSERT INTO `role` (`role_name`) VALUES
('ADMINISTRATOR'),
('OWNER'),
('RESIDENT');

-- --------------------------------------------------------

--
-- Struttura della tabella `users`
--

CREATE TABLE `users` (
  `user_id` int(11) NOT NULL,
  `user_name` varchar(30) NOT NULL,
  `user_email` varchar(30) NOT NULL,
  `user_pwd` varchar(30) NOT NULL,
  `user_role` varchar(30) NOT NULL,
  `user_addr` varchar(30) NOT NULL
) ENGINE=InnoDB DEFAULT CHARSET=latin1 COLLATE=latin1_swedish_ci;

--
-- Dump dei dati per la tabella `users`
--

INSERT INTO `users` (`user_id`, `user_name`, `user_email`, `user_pwd`, `user_role`, `user_addr`) VALUES
(0, 'admin', 'admin', 'admin', 'ADMINISTRATOR', 'Via del Corso 22'),
(1, 'owner', 'owner', 'owner', 'OWNER', 'Via del Corso 22'),
(2, 'resident', 'resident', 'resident', 'RESIDENT', 'Via del Corso 22'),
(3, 'admin', 'admin', 'admin', 'ADMINISTRATOR', 'Via del Viminale 69'),
(4, 'owner', 'owner', 'owner', 'OWNER', 'Via del Viminale 69'),
(5, 'resident', 'resident', 'resident', 'RESIDENT', 'Via del Viminale 69'),
(6, 'admin', 'admin', 'admin', 'ADMINISTRATOR', 'Via di Tor Vergata 44'),
(7, 'owner', 'owner', 'owner', 'OWNER', 'Via di Tor Vergata 44'),
(8, 'resident', 'resident', 'resident', 'RESIDENT', 'Via di Tor Vergata 44'),
(56, 'giulia bitocchi', 'giuliabitocchi@gmail.com', 'giuliabitocchi1', 'OWNER', 'Via del Viminale 69'),
(57, 'flavia  moretti', 'flaviamoretti@gmail.com', 'flaviamoretti1', 'OWNER', 'Via del Viminale 69'),
(58, 'monia ciacci', 'moniaciacci@gmail.com', 'moniaciacci1', 'RESIDENT', 'Via del Viminale 69'),
(59, 'massimo meridio', 'massimomeridio@gmail.com', 'massimomeridio1', 'RESIDENT', 'Via del Viminale 69'),
(60, 'matteo lalli', 'matteolalli@gmail.com', 'matteolalli1', 'OWNER', 'Via del Corso 22'),
(61, 'davide leoni', 'davideleoni@gmail.com', 'davideleoni1', 'OWNER', 'Via del Corso 22'),
(64, 'federico minzocchi', 'federicominz@gmail.com', 'federicominz1', 'RESIDENT', 'Via del Corso 22'),
(65, 'luca  di lorenzo', 'lucadilorenzo@gmail.com', 'dilorenzoluca1', 'RESIDENT', 'Via del Corso 22'),
(66, 'florin carpe', 'florincarpe@gmail.com', 'florincarpe1', 'OWNER', 'Via di Tor Vergata 44'),
(67, 'giada lalli', 'giadalalli@gmail.com', 'giadalalli1', 'OWNER', 'Via di Tor Vergata 44'),
(68, 'alessio mizzoni', 'alessiomizzoni@gmail.com', 'alessiomizzoni1', 'RESIDENT', 'Via di Tor Vergata 44'),
(69, 'vincenzo bito', 'vincenzobito@gmail.com', 'vincenzobito1', 'RESIDENT', 'Via di Tor Vergata 44');

--
-- Indici per le tabelle scaricate
--

--
-- Indici per le tabelle `apartment`
--
ALTER TABLE `apartment`
  ADD PRIMARY KEY (`apt_id`),
  ADD KEY `apt_addr` (`apt_addr`),
  ADD KEY `apt_own` (`apt_own`),
  ADD KEY `apt_res` (`apt_res`);

--
-- Indici per le tabelle `condominiums`
--
ALTER TABLE `condominiums`
  ADD PRIMARY KEY (`con_addr`);

--
-- Indici per le tabelle `fee`
--
ALTER TABLE `fee`
  ADD PRIMARY KEY (`fee_apt`),
  ADD KEY `fee_apt` (`fee_apt`);

--
-- Indici per le tabelle `meeting`
--
ALTER TABLE `meeting`
  ADD PRIMARY KEY (`meet_id`),
  ADD KEY `meet_from` (`meet_from`),
  ADD KEY `meet_addr` (`meet_addr`);

--
-- Indici per le tabelle `pastfee`
--
ALTER TABLE `pastfee`
  ADD PRIMARY KEY (`fee_apt`),
  ADD KEY `fee_apt` (`fee_apt`);

--
-- Indici per le tabelle `posts`
--
ALTER TABLE `posts`
  ADD PRIMARY KEY (`post_id`),
  ADD KEY `post_addr` (`post_addr`),
  ADD KEY `post_usr` (`post_usr`);

--
-- Indici per le tabelle `rating`
--
ALTER TABLE `rating`
  ADD PRIMARY KEY (`rate_id`),
  ADD KEY `rate_res` (`rate_res`),
  ADD KEY `rate_own` (`rate_own`);

--
-- Indici per le tabelle `registration`
--
ALTER TABLE `registration`
  ADD PRIMARY KEY (`reg_id`),
  ADD KEY `reg_role` (`reg_role`),
  ADD KEY `reg_addr` (`reg_addr`);

--
-- Indici per le tabelle `role`
--
ALTER TABLE `role`
  ADD PRIMARY KEY (`role_name`);

--
-- Indici per le tabelle `users`
--
ALTER TABLE `users`
  ADD PRIMARY KEY (`user_id`),
  ADD KEY `user_role` (`user_role`),
  ADD KEY `user_addr` (`user_addr`);

--
-- AUTO_INCREMENT per le tabelle scaricate
--

--
-- AUTO_INCREMENT per la tabella `apartment`
--
ALTER TABLE `apartment`
  MODIFY `apt_id` int(11) NOT NULL AUTO_INCREMENT, AUTO_INCREMENT=30;

--
-- AUTO_INCREMENT per la tabella `meeting`
--
ALTER TABLE `meeting`
  MODIFY `meet_id` int(11) NOT NULL AUTO_INCREMENT, AUTO_INCREMENT=25;

--
-- AUTO_INCREMENT per la tabella `posts`
--
ALTER TABLE `posts`
  MODIFY `post_id` int(11) NOT NULL AUTO_INCREMENT, AUTO_INCREMENT=42;

--
-- AUTO_INCREMENT per la tabella `rating`
--
ALTER TABLE `rating`
  MODIFY `rate_id` int(11) NOT NULL AUTO_INCREMENT, AUTO_INCREMENT=20;

--
-- AUTO_INCREMENT per la tabella `registration`
--
ALTER TABLE `registration`
  MODIFY `reg_id` int(11) NOT NULL AUTO_INCREMENT, AUTO_INCREMENT=108;

--
-- AUTO_INCREMENT per la tabella `users`
--
ALTER TABLE `users`
  MODIFY `user_id` int(11) NOT NULL AUTO_INCREMENT, AUTO_INCREMENT=70;

--
-- Limiti per le tabelle scaricate
--

--
-- Limiti per la tabella `apartment`
--
ALTER TABLE `apartment`
  ADD CONSTRAINT `apt_addr` FOREIGN KEY (`apt_addr`) REFERENCES `condominiums` (`con_addr`),
  ADD CONSTRAINT `apt_own` FOREIGN KEY (`apt_own`) REFERENCES `users` (`user_id`),
  ADD CONSTRAINT `apt_res` FOREIGN KEY (`apt_res`) REFERENCES `users` (`user_id`);

--
-- Limiti per la tabella `fee`
--
ALTER TABLE `fee`
  ADD CONSTRAINT `fee_apt` FOREIGN KEY (`fee_apt`) REFERENCES `apartment` (`apt_id`);

--
-- Limiti per la tabella `meeting`
--
ALTER TABLE `meeting`
  ADD CONSTRAINT `meet_cond` FOREIGN KEY (`meet_addr`) REFERENCES `condominiums` (`con_addr`),
  ADD CONSTRAINT `meet_from` FOREIGN KEY (`meet_from`) REFERENCES `users` (`user_id`);

--
-- Limiti per la tabella `pastfee`
--
ALTER TABLE `pastfee`
  ADD CONSTRAINT `pastapt` FOREIGN KEY (`fee_apt`) REFERENCES `apartment` (`apt_id`);

--
-- Limiti per la tabella `posts`
--
ALTER TABLE `posts`
  ADD CONSTRAINT `post_addr` FOREIGN KEY (`post_addr`) REFERENCES `condominiums` (`con_addr`),
  ADD CONSTRAINT `post_usr` FOREIGN KEY (`post_usr`) REFERENCES `users` (`user_id`);

--
-- Limiti per la tabella `rating`
--
ALTER TABLE `rating`
  ADD CONSTRAINT `rate_own` FOREIGN KEY (`rate_own`) REFERENCES `users` (`user_id`),
  ADD CONSTRAINT `rate_res` FOREIGN KEY (`rate_res`) REFERENCES `users` (`user_id`);

--
-- Limiti per la tabella `registration`
--
ALTER TABLE `registration`
  ADD CONSTRAINT `reg_addr` FOREIGN KEY (`reg_addr`) REFERENCES `condominiums` (`con_addr`),
  ADD CONSTRAINT `reg_role` FOREIGN KEY (`reg_role`) REFERENCES `role` (`role_name`);

--
-- Limiti per la tabella `users`
--
ALTER TABLE `users`
  ADD CONSTRAINT `user_addr` FOREIGN KEY (`user_addr`) REFERENCES `condominiums` (`con_addr`),
  ADD CONSTRAINT `user_role` FOREIGN KEY (`user_role`) REFERENCES `role` (`role_name`);
COMMIT;

/*!40101 SET CHARACTER_SET_CLIENT=@OLD_CHARACTER_SET_CLIENT */;
/*!40101 SET CHARACTER_SET_RESULTS=@OLD_CHARACTER_SET_RESULTS */;
/*!40101 SET COLLATION_CONNECTION=@OLD_COLLATION_CONNECTION */;
